<?xml version="1.0" encoding="utf-8"?><archive xmlns="http://rs.tdwg.org/dwc/text/" xmlns:xsi="http://www.w3.org/2001/XMLSchema-instance" xmlns:dwc="http://digir.net/schema/conceptual/darwin/2003/1.0" xmlns:tax="http://www.taxonx.org/schema/v1" xsi:schemaLocation="http://rs.tdwg.org/dwc/text/  http://rs.tdwg.org/dwc/text/tdwg_dwc_text.xsd">	<core encoding="UTF-8" fieldsTerminatedBy="\t" linesTerminatedBy="\n" ignoreHeaderLines="1" rowType="http://rs.tdwg.org/dwc/terms/Taxon">		<files>			<location>taxa.txt</location>		</files>		<id index="0"/>		<field index="0" term="http://rs.tdwg.org/dwc/terms/taxonID"/>		<field index="1" term="http://rs.tdwg.org/dwc/terms/scientificName"/>		<field index="2" term="http://rs.tdwg.org/dwc/terms/parentNameUsageID"/>		<field index="3" term="http://rs.tdwg.org/dwc/terms/kingdom"/>		<field index="4" term="http://rs.tdwg.org/dwc/terms/phylum"/>		<field index="5" term="http://rs.tdwg.org/dwc/terms/class"/>		<field index="6" term="http://rs.tdwg.org/dwc/terms/order"/>		<field index="7" term="http://rs.tdwg.org/dwc/terms/family"/>		<field index="8" term="http://rs.tdwg.org/dwc/terms/genus"/>		<field index="9" term="http://rs.tdwg.org/dwc/terms/taxonRank"/>		<field index="10" term="http://rs.tdwg.org/ac/terms/furtherInformationURL"/>		<field index="11" term="http://rs.tdwg.org/dwc/terms/taxonomicStatus"/>		<field index="12" term="http://rs.tdwg.org/dwc/terms/taxonRemarks"/>		<field index="13" term="http://rs.tdwg.org/dwc/terms/namePublishedIn"/>		<field index="14" term="http://eol.org/schema/reference/referenceID"/>	</core>	<extension encoding="UTF-8" fieldsTerminatedBy="\t" linesTerminatedBy="\n" ignoreHeaderLines="1" rowType="http://eol.org/schema/media/Document">		<files>			<location>media.txt</location>		</files>		<coreid index="1"/>		<field index="0" term="http://purl.org/dc/terms/identifier"/>		<field index="1" term="http://rs.tdwg.org/dwc/terms/taxonID"/>		<field index="2" term="http://purl.org/dc/terms/type"/>		<field index="3" term="http://rs.tdwg.org/audubon_core/subtype"/>		<field index="4" term="http://purl.org/dc/terms/format"/>		<field index="5" term="http://iptc.org/std/Iptc4xmpExt/1.0/xmlns/CVterm"/>		<field index="6" term="http://purl.org/dc/terms/title"/>		<field index="7" term="http://purl.org/dc/terms/description"/>		<field index="8" term="http://rs.tdwg.org/ac/terms/accessURI"/>		<field index="9" term="http://eol.org/schema/media/thumbnailURL"/>		<field index="10" term="http://rs.tdwg.org/ac/terms/furtherInformationURL"/>		<field index="11" term="http://rs.tdwg.org/ac/terms/derivedFrom"/>		<field index="12" term="http://ns.adobe.com/xap/1.0/CreateDate"/>		<field index="13" term="http://purl.org/dc/terms/modified"/>		<field index="14" term="http://purl.org/dc/terms/language"/>		<field index="15" term="http://ns.adobe.com/xap/1.0/Rating"/>		<field index="16" term="http://purl.org/dc/terms/audience"/>		<field index="17" term="http://ns.adobe.com/xap/1.0/rights/UsageTerms"/>		<field index="18" term="http://purl.org/dc/terms/rights"/>		<field index="19" term="http://ns.adobe.com/xap/1.0/rights/Owner"/>		<field index="20" term="http://purl.org/dc/terms/bibliographicCitation"/>		<field index="21" term="http://purl.org/dc/terms/publisher"/>		<field index="22" term="http://purl.org/dc/terms/contributor"/>		<field index="23" term="http://purl.org/dc/terms/creator"/>		<field index="24" term="http://eol.org/schema/agent/agentID"/>		<field index="25" term="http://iptc.org/std/Iptc4xmpExt/1.0/xmlns/LocationCreated"/>		<field index="26" term="http://purl.org/dc/terms/spatial"/>		<field index="27" term="http://www.w3.org/2003/01/geo/wgs84_pos#lat"/>		<field index="28" term="http://www.w3.org/2003/01/geo/wgs84_pos#long"/>		<field index="29" term="http://www.w3.org/2003/01/geo/wgs84_pos#alt"/>		<field index="30" term="http://eol.org/schema/reference/referenceID"/>		<field index="31" term=""/>	</extension>	<extension encoding="UTF-8" fieldsTerminatedBy="\t" linesTerminatedBy="\n" ignoreHeaderLines="1" rowType="http://eol.org/schema/reference/Reference">		<files>			<location>references.txt</location>		</files>		<coreid/>		<field index="0" term="http://purl.org/dc/terms/identifier"/>		<field index="1" term="http://eol.org/schema/reference/publicationType"/>		<field index="2" term="http://eol.org/schema/reference/full_reference"/>		<field index="3" term="http://eol.org/schema/reference/primaryTitle"/>		<field index="4" term="http://purl.org/dc/terms/title"/>		<field index="5" term="http://purl.org/ontology/bibo/pages"/>		<field index="6" term="http://purl.org/ontology/bibo/pageStart"/>		<field index="7" term="http://purl.org/ontology/bibo/pageEnd"/>		<field index="8" term="http://purl.org/ontology/bibo/volume"/>		<field index="9" term="http://purl.org/ontology/bibo/edition"/>		<field index="10" term="http://purl.org/dc/terms/publisher"/>		<field index="11" term="http://purl.org/ontology/bibo/authorList"/>		<field index="12" term="http://purl.org/ontology/bibo/editorList"/>		<field index="13" term="http://purl.org/dc/terms/created"/>		<field index="14" term="http://purl.org/dc/terms/language"/>		<field index="15" term="http://purl.org/ontology/bibo/uri"/>		<field index="16" term="http://purl.org/ontology/bibo/doi"/>		<field index="17" term="http://schemas.talis.com/2005/address/schema#localityName"/>	</extension>	<extension encoding="UTF-8" fieldsTerminatedBy="\t" linesTerminatedBy="\n" ignoreHeaderLines="1" rowType="http://eol.org/schema/agent/Agent">		<files>			<location>agents.txt</location>		</files>		<coreid/>		<field index="0" term="http://purl.org/dc/terms/identifier"/>		<field index="1" term="http://xmlns.com/foaf/spec/#term_name"/>		<field index="2" term="http://xmlns.com/foaf/spec/#term_firstName"/>		<field index="3" term="http://xmlns.com/foaf/spec/#term_familyName"/>		<field index="4" term="http://eol.org/schema/agent/agentRole"/>		<field index="5" term="http://xmlns.com/foaf/spec/#term_mbox"/>		<field index="6" term="http://xmlns.com/foaf/spec/#term_homepage"/>		<field index="7" term="http://xmlns.com/foaf/spec/#term_logo"/>		<field index="8" term="http://xmlns.com/foaf/spec/#term_currentProject"/>		<field index="9" term="http://eol.org/schema/agent/organization"/>		<field index="10" term="http://xmlns.com/foaf/spec/#term_accountName"/>		<field index="11" term="http://xmlns.com/foaf/spec/#term_openid"/>	</extension></archive>