Results for: (Life form = Bryophyte ) 
Acronym,Link,Scientific Name,Common Name,Review Date,Fire Study Availability
AULPAL,http://www.fs.fed.us/database/feis/plants/bryophyte/aulpal/all.html,Aulacomnium palustre,ribbed bog moss,2008,Available,
CERPUR,http://www.fs.fed.us/database/feis/plants/bryophyte/cerpur/all.html,Ceratodon purpureus,fire moss,1992,Available,
HYLSPL,http://www.fs.fed.us/database/feis/plants/bryophyte/hylspl/all.html,Hylocomium splendens,splendid feather moss,1992,Available,
MARPOL,http://www.fs.fed.us/database/feis/plants/bryophyte/marpol/all.html,Marchantia polymorpha,liverwort,1993,Available,
PLESCH,http://www.fs.fed.us/database/feis/plants/bryophyte/plesch/all.html,Pleurozium schreberi,Schreber's moss,1992,Available,
POLJUN,http://www.fs.fed.us/database/feis/plants/bryophyte/poljun/all.html,Polytrichum juniperinum,juniper haircap moss,2008,Available,
TORRUR,http://www.fs.fed.us/database/feis/plants/bryophyte/torrur/all.html,Tortula ruralis,twisted moss,1993,Not Available,
