Results for: (Life form = Fern or Fern Ally ) 
Acronym,Link,Scientific Name,Common Name,Review Date,Fire Study Availability
ASPADI,http://www.fs.fed.us/database/feis/plants/fern/aspadi/all.html,Asplenium adiantum-nigrum,black spleenwort fern,1994,Not Available,
ATHFIL,http://www.fs.fed.us/database/feis/plants/fern/athfil/all.html,Athyrium filix-femina,lady fern,1991,Available,
BLESPI,http://www.fs.fed.us/database/feis/plants/fern/blespi/all.html,Blechnum spicant,deer fern,1993,Available,
BOTSPP,http://www.fs.fed.us/database/feis/plants/fern/botspp/all.html,Botrychium lunaria; B. matricariifolium; B. montanum; B. paradoxum,common moonwort; daisy-leaf moonwort; mountain moonwort; peculiar moonwort,2014,Not Available,
DRYSPP,http://www.fs.fed.us/database/feis/plants/fern/dryspp/all.html,	Dryopteris campyloptera; D. carthusiana; D. expansa; D. intermedia	,	mountain woodfern; spinulose woodfern; spreading woodfern; fancy fern	,2008,Not Available,
EQUARV,http://www.fs.fed.us/database/feis/plants/fern/equarv/all.html,Equisetum arvense,field horsetail,1993,Available,
EQUSYL,http://www.fs.fed.us/database/feis/plants/fern/equsyl/all.html,Equisetum sylvaticum,wood horsetail,1993,Available,
GYMDRY,http://www.fs.fed.us/database/feis/plants/fern/gymdry/all.html,Gymnocarpium dryopteris,oak fern,1993,Available,
LYCANN,http://www.fs.fed.us/database/feis/plants/fern/lycann/all.html,Lycopodium annotinum,stiff clubmoss,1993,Available,
LYGSPP,http://www.fs.fed.us/database/feis/plants/fern/lygspp/all.html,	Lygodium japonicum; L. microphyllum	,	Japanese climbing fern; Old World climbing fern	,2005,Not Available,
OSMCIN,http://www.fs.fed.us/database/feis/plants/fern/osmcin/all.html,Osmunda cinnamomea,cinnamon fern,1994,Not Available,
POLMUN,http://www.fs.fed.us/database/feis/plants/fern/polmun/all.html,Polystichum munitum,western sword fern,1989,Available,
PTEAQU,http://www.fs.fed.us/database/feis/plants/fern/pteaqu/all.html,Pteridium aquilinum,western bracken fern,1990,Available,
SELDEN,http://www.fs.fed.us/database/feis/plants/fern/selden/all.html,Selaginella densa,little spikemoss,1990,Not Available,
THENOV,http://www.fs.fed.us/database/feis/plants/fern/thenov/all.html,Thelypteris noveboracensis,New York fern,1993,Available,
WOOVIR,http://www.fs.fed.us/database/feis/plants/fern/woovir/all.html,Woodwardia virginica,Virginia chain-fern,1991,Not Available,
