Results for: (Life form = Forb ) 
Acronym,Link,Scientific Name,Common Name,Review Date,Fire Study Availability
ACAILI,http://www.fs.fed.us/database/feis/plants/forb/acaili/all.html,Acanthomintha ilicifolia,San Diego thorn-mint,2006,Not Available,
ACHMIL,http://www.fs.fed.us/database/feis/plants/forb/achmil/all.html,Achillea millefolium,western yarrow,1999,Available,
ACRREP,http://www.fs.fed.us/database/feis/plants/forb/acrrep/all.html,Acroptilon repens,Russian knapweed,2001,Not Available,
ACTRUB,http://www.fs.fed.us/database/feis/plants/forb/actrub/all.html,Actaea rubra,red baneberry,1990,Available,
AEGPOD,http://www.fs.fed.us/database/feis/plants/forb/aegpod/all.html,Aegopodium podagraria,goutweed,2009,Not Available,
AGACUS,http://www.fs.fed.us/database/feis/plants/forb/agacus/all.html,Agastache cusickii,Cusick's giant hyssop,1993,Not Available,
AGALEC,http://www.fs.fed.us/database/feis/plants/shrub/agalec/all.html,Agave lechuguilla,lechuguilla,2006,Not Available,
ALLPET,http://www.fs.fed.us/database/feis/plants/forb/allpet/all.html,Alliaria petiolata,garlic mustard,2001,Available,
AMARET,http://www.fs.fed.us/database/feis/plants/forb/amaret/all.html,Amaranthus retroflexus,rough pigweed,1993,Not Available,
AMBPSI,http://www.fs.fed.us/database/feis/plants/forb/ambpsi/all.html,Ambrosia psilostachya,western ragweed,1992,Available,
AMOCAN,http://www.fs.fed.us/database/feis/plants/shrub/amocan/all.html,Amorpha canescens,leadplant,2011,Not Available,
ANTMIC,http://www.fs.fed.us/database/feis/plants/forb/antmic/all.html,Antennaria microphylla,rosy pussytoes,1993,Not Available,
ANTPAR,http://www.fs.fed.us/database/feis/plants/forb/antpar/all.html,Antennaria parvifolia,small-leaf pussytoes,2011,Not Available,
ANTRAC,http://www.fs.fed.us/database/feis/plants/forb/antrac/all.html,Antennaria racemosa,raceme pussytoes,1993,Available,
APOAND,http://www.fs.fed.us/database/feis/plants/forb/apoand/all.html,Apocynum androsaemifolium,spreading dogbane,2005,Available,
APOCAN,http://www.fs.fed.us/database/feis/plants/forb/apocan/all.html,Apocynum  cannabinum,Indianhemp,2006,Not Available,
AQUCAN,http://www.fs.fed.us/database/feis/plants/forb/aqucan/all.html,Aquilegia canadensis,red columbine,1992,Not Available,
ARANUD,http://www.fs.fed.us/database/feis/plants/forb/aranud/all.html,Aralia nudicaulis,wild sarsaparilla,1993,Available,
ARCRUB,http://www.fs.fed.us/database/feis/plants/shrub/arcrub/all.html,Arctostaphylos rubra,red fruit bearberry,2008,Not Available,
ARNCOR,http://www.fs.fed.us/database/feis/plants/forb/arncor/all.html,Arnica cordifolia,heartleaf arnica,1993,Available,
ARTABS,http://www.fs.fed.us/database/feis/plants/forb/artabs/all.html,Artemisia absinthium,absinth wormwood,1994,Not Available,
ARTCAM,http://www.fs.fed.us/database/feis/plants/forb/artcam/all.html,Artemisia campestris,field sagewort,2007,Not Available,
ARTDRA,http://www.fs.fed.us/database/feis/plants/shrub/artdra/all.html,Artemisia dracunculus,tarragon,2005,Not Available,
ARTLUD,http://www.fs.fed.us/database/feis/plants/forb/artlud/all.html,Artemisia ludoviciana,prairie sage,2005,Available,
ARTNOR,http://www.fs.fed.us/database/feis/plants/shrub/artnor/all.html,Artemisia norvegica,boreal sagebrush,2006,Not Available,
ARTPAP,http://www.fs.fed.us/database/feis/plants/shrub/artpap/all.html,Artemisia papposa,Owyhee sagebrush,2009,Not Available,
ASACAU,http://www.fs.fed.us/database/feis/plants/forb/asacau/all.html,Asarum caudatum,wild ginger,2004,Available,
ASCINC,http://www.fs.fed.us/database/feis/plants/forb/ascinc/all.html,Asclepias incarnata,swamp milkweed,1992,Not Available,
ASCSPE,http://www.fs.fed.us/database/feis/plants/forb/ascspe/all.html,Asclepias speciosa,showy milkweed,2005,Not Available,
ASTALB,http://www.fs.fed.us/database/feis/plants/forb/astalb/all.html,Astragalus albens,Cushenbury milkvetch,2013,Not Available,
ASTALP,http://www.fs.fed.us/database/feis/plants/forb/astalp/all.html,Astragalus alpinus,alpine milkvetch,2007,Not Available,
ASTBRA,http://www.fs.fed.us/database/feis/plants/forb/astbra/all.html,Astragalus brauntonii,Braunton's milkvetch,2006,Not Available,
BALHOO,http://www.fs.fed.us/database/feis/plants/forb/balhoo/all.html,Balsamorhiza hookeri,Hooker's balsamroot,2006,Not Available,
BALSAG,http://www.fs.fed.us/database/feis/plants/forb/balsag/all.html,Balsamorhiza sagittata,arrowleaf balsamroot,2002,Available,
CALBUL,http://www.fs.fed.us/database/feis/plants/forb/calbul/all.html,Calypso bulbosa,fairy slipper,2006,Not Available,
CAMQUA,http://www.fs.fed.us/database/feis/plants/forb/camqua/all.html,Camassia quamash,common camas,1993,Available,
CARNUT,http://www.fs.fed.us/database/feis/plants/forb/carnut/all.html,Carduus nutans,musk thistle,2002,Available,
CARSPP3,http://www.fs.fed.us/database/feis/plants/forb/carspp3/all.html,	Cardaria chalapensis; C. draba; C. pubescens	,	lens-podded hoary cress; heart-podded hoary cress; globe-potted hoary cress	,2004,Not Available,
CASCIN,http://www.fs.fed.us/database/feis/plants/forb/cascin/all.html,Castilleja cinerea,ash-gray Indian paintbrush,2006,Not Available,
CASFAS,http://www.fs.fed.us/database/feis/plants/forb/casfas/all.html,Cassia fasciculata,showy partridgepea,1992,Not Available,
CASSES,http://www.fs.fed.us/database/feis/plants/forb/casses/all.html,Castilleja sessiliflora,downy paintbrush,1993,Not Available,
CENDIF,http://www.fs.fed.us/database/feis/plants/forb/cendif/all.html,Centaurea diffusa,diffuse knapweed,2001,Not Available,
CENSOL,http://www.fs.fed.us/database/feis/plants/forb/censol/all.html,Centaurea solstitialis,yellow starthistle,2002,Available,
CENSTOM,http://www.fs.fed.us/database/feis/plants/forb/censtom/all.html,Centaurea stoebe subsp. micranthos,spotted knapweed,2001,Available,
CHAANG,http://www.fs.fed.us/database/feis/plants/forb/chaang/all.html,Chamerion angustifolium,fireweed,1992,Available,
CHIMEN,http://www.fs.fed.us/database/feis/plants/shrub/chimen/all.html,Chimaphila menziesii,little prince's-pine,1994,Available,
CHIUMB,http://www.fs.fed.us/database/feis/plants/shrub/chiumb/all.html,Chimaphila umbellata,pipsissewa,1994,Available,
CHLPOM,http://www.fs.fed.us/database/feis/plants/forb/chlpom/all.html,Chlorogalum pomeridianum,wavyleaf soap plant,2006,Not Available,
CHOJUN,http://www.fs.fed.us/database/feis/plants/forb/chojun/all.html,Chondrilla juncea,rush skeletonweed,2004,Not Available,
CIRARV,http://www.fs.fed.us/database/feis/plants/forb/cirarv/all.html,Cirsium arvense,Canada thistle,2001,Available,
CIRNEO,http://www.fs.fed.us/database/feis/plants/forb/cirneo/all.html,Cirsium neomexicanum,lavender thistle,1994,Not Available,
CIRPAL,http://www.fs.fed.us/database/feis/plants/forb/cirpal/all.html,Cirsium palustre,marsh thistle,2009,Not Available,
CIRVUL,http://www.fs.fed.us/database/feis/plants/forb/cirvul/all.html,Cirsium vulgare,bull thistle,2002,Available,
CLAPER,http://www.fs.fed.us/database/feis/plants/forb/claper/all.html,Claytonia perfoliata,miner's-lettuce,1993,Available,
CLIUNI,http://www.fs.fed.us/database/feis/plants/forb/cliuni/all.html,Clintonia uniflora,queencup beadlily,2005,Available,
CONARV,http://www.fs.fed.us/database/feis/plants/vine/conarv/all.html,Convolvulus arvensis,field bindweed,2004,Not Available,
COPTRI,http://www.fs.fed.us/database/feis/plants/forb/coptri/all.html,Coptis trifolia,threeleaf goldthread,1992,Not Available,
CORAUR,http://www.fs.fed.us/database/feis/plants/forb/coraur/all.html,Corydalis aurea,golden corydalis,1993,Available,
CORCAN,http://www.fs.fed.us/database/feis/plants/forb/corcan/all.html,Cornus canadensis,bunchberry,2012,Available,
CORSEM,http://www.fs.fed.us/database/feis/plants/forb/corsem/all.html,Corydalis sempervirens,pink corydalis,2012,Available,
CORVAR,http://www.fs.fed.us/database/feis/plants/forb/corvar/all.html,Coronilla varia,crownvetch,2010,Not Available,
CYNOFF,http://www.fs.fed.us/database/feis/plants/forb/cynoff/all.html,Cynoglossum officinale,houndstongue,2002,Available,
CYNSPP,http://www.fs.fed.us/database/feis/plants/vine/cynspp/all.html,	Cynanchum louiseae; C. rossicum	,	black swallow-wort; pale swallow-wort	,2009,Not Available,
DALPUR,http://www.fs.fed.us/database/feis/plants/forb/dalpur/all.html,Dalea purpurea,purple prairie clover,2005,Not Available,
DARCAL,http://www.fs.fed.us/database/feis/plants/forb/darcal/all.html,Darlingtonia californica,California pitcher plant,1990,Not Available,
DELBIC,http://www.fs.fed.us/database/feis/plants/forb/delbic/all.html,Delphinium bicolor,low larkspur,1993,Not Available,
DELOCC,http://www.fs.fed.us/database/feis/plants/forb/delocc/all.html,Delphinium occidentale,western larkspur,1993,Not Available,
DESPIN,http://www.fs.fed.us/database/feis/plants/forb/despin/all.html,Descurainia pinnata,pinnate tansymustard,2003,Available,
DESSOP,http://www.fs.fed.us/database/feis/plants/forb/dessop/all.html,Descurainia sophia,flixweed tansymustard,2003,Available,
DIOSPP,http://www.fs.fed.us/database/feis/plants/vine/diospp/all.html,	Discorea alata; D. bulbifera; D. pentaphylla; D. polystachya; D. sansibarensis	,	water yam; air yam; fiveleaf yam; Chinese yam; Zanzibar yam	,2009,Not Available,
DIPSPP,http://www.fs.fed.us/database/feis/plants/forb/dipspp/all.html,	Dipsacus fullonum; D. laciniatus	,	common teasel; cut-leaved teasel	,2009,Not Available,
DODLEP,http://www.fs.fed.us/database/feis/plants/forb/dodlep/all.html,Dodecahema leptoceras,slender-horned spineflower,2013,Not Available,
DRAPAR,http://www.fs.fed.us/database/feis/plants/forb/drapar/all.html,Dracocephalum parviflorum,American dragonhead,1993,Available,
DROROT,http://www.fs.fed.us/database/feis/plants/forb/drorot/all.html,Drosera rotundifolia,round-leaved sundew,1994,Not Available,
ECHANG,http://www.fs.fed.us/database/feis/plants/forb/echang/all.html,Echinacea angustifolia,purple coneflower,2005,Not Available,
EROCIC,http://www.fs.fed.us/database/feis/plants/forb/erocic/all.html,Erodium cicutarium,cutleaf filaree,1992,Available,
ERYGRA,http://www.fs.fed.us/database/feis/plants/forb/erygra/all.html,Erythronium grandiflorum,glacier lily,1990,Available,
EUPCAP,http://www.fs.fed.us/database/feis/plants/forb/eupcap/all.html,Eupatorium capillifolium,dogfennel,1991,Not Available,
EUPCYP,http://www.fs.fed.us/database/feis/plants/forb/eupcyp/all.html,Euphorbia cyparissias,cypress spurge,2010,Not Available,
EUPESU,http://www.fs.fed.us/database/feis/plants/forb/eupesu/all.html,Euphorbia esula,leafy spurge,2011,Not Available,
EURCON,http://www.fs.fed.us/database/feis/plants/forb/eurcon/all.html,Eurybia conspicua,showy aster,1993,Available,
EURHOR,http://www.fs.fed.us/database/feis/plants/forb/eurhor/all.html,Eurybia horrida,horrid herrickia,2006,Not Available,
EURMAC,http://www.fs.fed.us/database/feis/plants/forb/eurmac/all.html,Eurybia macrophylla,bigleaf aster,2006,Not Available,
FRAVES,http://www.fs.fed.us/database/feis/plants/forb/fraves/all.html,Fragaria vesca,woodland strawberry,2007,Available,
GALAPA,http://www.fs.fed.us/database/feis/plants/forb/galapa/all.html,Galium aparine,stickywilly,2005,Available,
GALSPP,http://www.fs.fed.us/database/feis/plants/forb/galspp/all.html,	Galium boreale; G. triflorum	,	northern bedstraw; sweetscented bedstraw	,2005,Available,
GALURC,http://www.fs.fed.us/database/feis/plants/forb/galurc/all.html,Galax urceolata,galax,2006,Available,
GEOLIV,http://www.fs.fed.us/database/feis/plants/forb/geoliv/all.html,Geocaulon lividum,false toadflax,1994,Available,
GERBIC,http://www.fs.fed.us/database/feis/plants/forb/gerbic/all.html,Geranium bicknellii,Bicknell's geranium,2007,Available,
GERMAC,http://www.fs.fed.us/database/feis/plants/forb/germac/all.html,Geranium maculatum,wild geranium,1992,Available,
GERRIC,http://www.fs.fed.us/database/feis/plants/forb/gerric/all.html,Geranium richardsonii,Richardson's geranium,1994,Not Available,
GEUTRI,http://www.fs.fed.us/database/feis/plants/forb/geutri/all.html,Geum triflorum,prairie smoke,2006,Available,
GLEHED,http://www.fs.fed.us/database/feis/plants/forb/glehed/all.html,Glechoma hederacea,ground-ivy,2009,Not Available,
GLYLEP,http://www.fs.fed.us/database/feis/plants/forb/glylep/all.html,Glycyrrhiza lepidota,wild licorice,1994,Not Available,
GOOOBL,http://www.fs.fed.us/database/feis/plants/forb/gooobl/all.html,Goodyera oblongifolia,western rattlesnake plantain,2006,Available,
GOOREP,http://www.fs.fed.us/database/feis/plants/forb/goorep/all.html,Goodyera repens,lesser rattlesnake plantain,2013,Not Available,
GRISQU,http://www.fs.fed.us/database/feis/plants/forb/grisqu/all.html,Grindelia squarrosa,curlycup gumweed,1993,Available,
HALGLO,http://www.fs.fed.us/database/feis/plants/forb/halglo/all.html,Halogeton glomeratus,halogeton,1992,Not Available,
HEDALP,http://www.fs.fed.us/database/feis/plants/forb/hedalp/all.html,Hedysarum alpinum,alpine sweetvetch,2007,Not Available,
HELMAX,http://www.fs.fed.us/database/feis/plants/forb/helmax/all.html,Helianthus maximiliani,Maximilian sunflower,1993,Not Available,
HEPACU,http://www.fs.fed.us/database/feis/plants/forb/hepacu/all.html,Hepatica acutiloba,sharp-lobed hepatica,1992,Not Available,
HERMAN,http://www.fs.fed.us/database/feis/plants/forb/herman/all.html,Heracleum mantegazzianum,giant hogweed,2009,Not Available,
HERMAX,http://www.fs.fed.us/database/feis/plants/forb/hermax/all.html,Heracleum maximum,common cow parsnip,1995,Not Available,
HESSPP,http://www.fs.fed.us/database/feis/plants/forb/hesspp/all.html,	Hesperoyucca newberryi; H. whipplei	,	Newberry's yucca; chaparral yucca	,2012,Not Available,
HIBMOS,http://www.fs.fed.us/database/feis/plants/forb/hibmos/all.html,Hibiscus moscheutos,crimsoneyed rosemallow,2008,Not Available,
HIEALB,http://www.fs.fed.us/database/feis/plants/forb/hiealb/all.html,Hieracium albiflorum,white hawkweed,2007,Available,
HIEAUR,http://www.fs.fed.us/database/feis/plants/forb/hieaur/all.html,Hieracium aurantiacum,orange hawkweed,2010,Available,
HIECAE,http://www.fs.fed.us/database/feis/plants/forb/hiecae/all.html,Hieracium caespitosum,meadow hawkweed,2011,Not Available,
HIEPIO,http://www.fs.fed.us/database/feis/plants/forb/hiepio/all.html,Hieracium piloselloides,tall hawkweed,2011,Not Available,
HYPPER,http://www.fs.fed.us/database/feis/plants/forb/hypper/all.html,Hypericum perforatum,common St Johnswort,2005,Not Available,
ILIRIV,http://www.fs.fed.us/database/feis/plants/forb/iliriv/all.html,Iliamna rivularis,wild hollyhock,1993,Available,
IRIPSE,http://www.fs.fed.us/database/feis/plants/forb/iripse/all.html,Iris pseudacorus,pale-yellow iris,2009,Not Available,
ISATIN,http://www.fs.fed.us/database/feis/plants/forb/isatin/all.html,Isatis tinctoria,dyer's woad,2009,Not Available,
KOCSCO,http://www.fs.fed.us/database/feis/plants/forb/kocsco/all.html,Kochia scoparia,summer-cypress,1995,Not Available,
KUMSPP,http://www.fs.fed.us/database/feis/plants/forb/kumspp/all.html,	Kummerowia stipulacea; K. striata	,	Korean clover; Japanese clover	,2010,Not Available,
LATBIJ,http://www.fs.fed.us/database/feis/plants/forb/latbij/all.html,Lathyrus bijugatus,pinewoods sweetpea,1990,Available,
LEPLAT,http://www.fs.fed.us/database/feis/plants/forb/leplat/all.html,Lepidium latifolium,perennial pepperweed,2004,Not Available,
LESBIC,http://www.fs.fed.us/database/feis/plants/shrub/lesbic/all.html,Lespedeza bicolor,bicolor lespedeza,2010,Not Available,
LESCUN,http://www.fs.fed.us/database/feis/plants/forb/lescun/all.html,Lespedeza cuneata,sericea lespedeza,2010,Not Available,
LEWRED,http://www.fs.fed.us/database/feis/plants/forb/lewred/all.html,Lewisia rediviva,bitterroot,1993,Not Available,
LIAPUN,http://www.fs.fed.us/database/feis/plants/forb/liapun/all.html,Liatris punctata,blazing star,1993,Not Available,
LINBOR,http://www.fs.fed.us/database/feis/plants/forb/linbor/all.html,Linnaea borealis,twinflower,1993,Available,
LINLEW,http://www.fs.fed.us/database/feis/plants/forb/linlew/all.html,Linum lewisii,Lewis flax,2007,Not Available,
LINPUN,http://www.fs.fed.us/database/feis/plants/shrub/linpun/all.html,Linanthus pungens,granite prickly-phlox,2010,Not Available,
LINSPP,http://www.fs.fed.us/database/feis/plants/forb/linspp/all.html,	Linaria dalmatica; L. vulgaris	,	Dalmatian toadflax; yellow toadflax	,2003,Not Available,
LUPCAU,http://www.fs.fed.us/database/feis/plants/forb/lupcau/all.html,Lupinus caudatus,tailcup lupine,1993,Available,
LUPLAT,http://www.fs.fed.us/database/feis/plants/forb/luplat/all.html,Lupinus latifolius,broadleaf lupine,2006,Not Available,
LUPPER,http://www.fs.fed.us/database/feis/plants/forb/lupper/all.html,Lupinus perennis,wild lupine,2006,Not Available,
LUPSER,http://www.fs.fed.us/database/feis/plants/forb/lupser/all.html,Lupinus sericeus,silky lupine,1993,Available,
LYSNUM,http://www.fs.fed.us/database/feis/plants/forb/lysnum/all.html,Lysimachia nummularia,moneywort,2011,Not Available,
LYTSAL,http://www.fs.fed.us/database/feis/plants/forb/lytsal/all.html,Lythrum salicaria,purple loosestrife,2002,Not Available,
MAICAN,http://www.fs.fed.us/database/feis/plants/forb/maican/all.html,Maianthemum canadense,false lily-of-the-valley,1993,Available,
MAISTE,http://www.fs.fed.us/database/feis/plants/forb/maiste/all.html,Maianthemum stellatum,little false Solomon?s-seal,1992,Available,
MEDSAT,http://www.fs.fed.us/database/feis/plants/forb/medsat/all.html,Medicago sativa,alfalfa,1992,Not Available,
MELLAT,http://www.fs.fed.us/database/feis/plants/forb/mellat/all.html,Melanthium latifolium,slender bunchflower,1994,Not Available,
MELSPP,http://www.fs.fed.us/database/feis/plants/forb/melspp/all.html,	Melilotus alba; M. officinalis	,	white sweetclover; yellow sweetclover	,2010,Available,
MERPAN,http://www.fs.fed.us/database/feis/plants/forb/merpan/all.html,Mertensia paniculata,tall bluebells,2007,Available,
MONDIF,http://www.fs.fed.us/database/feis/plants/forb/mondif/all.html,Montia diffusa,branching montia,1993,Not Available,
NOLMIC,http://www.fs.fed.us/database/feis/plants/shrub/nolmic/all.html,Nolina microcarpa,sacahuista,2007,Not Available,
OSMCLA,http://www.fs.fed.us/database/feis/plants/forb/osmcla/all.html,Osmorhiza claytonii,sweet cicely,1992,Available,
OXAMON,http://www.fs.fed.us/database/feis/plants/forb/oxamon/all.html,Oxalis montana,common woodsorrel,1992,Available,
OXYSER,http://www.fs.fed.us/database/feis/plants/forb/oxyser/all.html,Oxytropis sericea,whitepoint locoweed,1993,Not Available,
PEDHYP,http://www.fs.fed.us/database/feis/plants/forb/pedhyp/all.html,Pediomelum hypogaeum,subterranean Indian breadroot,1993,Not Available,
PERLON,http://www.fs.fed.us/database/feis/plants/forb/perlon/all.html,Persicaria longiseta,Oriental lady's thumb,2010,Not Available,
PHLHOO,http://www.fs.fed.us/database/feis/plants/forb/phlhoo/all.html,Phlox hoodii,Hood's phlox,2006,Available,
POLAVI,http://www.fs.fed.us/database/feis/plants/forb/polavi/all.html,Polygonum aviculare,prostrate knotweed,2010,Available,
POLSPP,http://www.fs.fed.us/database/feis/plants/forb/polspp/all.html,Polygonum sachalinense; P. cuspidatum; P. ? bohemicum,giant knotweed; Japanese knotweed; Bohemian knotweed,2010,Not Available,
POTGLA,http://www.fs.fed.us/database/feis/plants/forb/potgla/all.html,Potentilla glandulosa,sticky cinquefoil,2008,Available,
POTHIP,http://www.fs.fed.us/database/feis/plants/forb/pothip/all.html,Potentilla hippiana,woolly cinquefoil,2009,Not Available,
POTNEW,http://www.fs.fed.us/database/feis/plants/forb/potnew/all.html,Potentilla newberryi,Newberry's cinquefoil,2008,Not Available,
POTREC,http://www.fs.fed.us/database/feis/plants/forb/potrec/all.html,Potentilla recta,sulfur cinquefoil,2003,Available,
PYRASA,http://www.fs.fed.us/database/feis/plants/forb/pyrasa/all.html,Pyrola asarifolia,pink wintergreen,2007,Available,
RANGLA,http://www.fs.fed.us/database/feis/plants/forb/rangla/all.html,Ranunculus glaberrimus,sagebrush buttercup,2012,Not Available,
RATCOL,http://www.fs.fed.us/database/feis/plants/forb/ratcol/all.html,Ratibida columnifera,upright prairie coneflower,1994,Not Available,
RUBCHA,http://www.fs.fed.us/database/feis/plants/shrub/rubcha/all.html,Rubus chamaemorus,cloudberry,1993,Available,
RUDHIR,http://www.fs.fed.us/database/feis/plants/forb/rudhir/all.html,Rudbeckia hirta,black-eyed Susan,1994,Available,
RUMACE,http://www.fs.fed.us/database/feis/plants/forb/rumace/all.html,Rumex acetosella,sheep sorrel,1995,Available,
SALKAL,http://www.fs.fed.us/database/feis/plants/forb/salkal/all.html,Salsola kali,Russian-thistle,1992,Not Available,
SANMIN,http://www.fs.fed.us/database/feis/plants/forb/sanmin/all.html,Sanguisorba minor,small burnet,2008,Not Available,
SARMIN,http://www.fs.fed.us/database/feis/plants/forb/sarmin/all.html,Sarracenia minor,hooded pitcher-plant,1991,Not Available,
SARPUR,http://www.fs.fed.us/database/feis/plants/forb/sarpur/all.html,Sarracenia purpurea,pitcher-plant,1991,Not Available,
SCHLIN,http://www.fs.fed.us/database/feis/plants/forb/schlin/all.html,Schoenocrambe linifolia,flaxleaf plainsmustard,2003,Not Available,
SISALT,http://www.fs.fed.us/database/feis/plants/forb/sisalt/all.html,Sisymbrium altissimum,tumble mustard,2003,Available,
SOLCAN,http://www.fs.fed.us/database/feis/plants/forb/solcan/all.html,Solidago canadensis,Canada goldenrod,1993,Available,
SOLMIS,http://www.fs.fed.us/database/feis/plants/forb/solmis/all.html,Solidago missouriensis,prairie goldenrod,1994,Available,
SOLVIA,http://www.fs.fed.us/database/feis/plants/forb/solvia/all.html,Solanum viarum,tropical soda apple,2009,Not Available,
SONARV,http://www.fs.fed.us/database/feis/plants/forb/sonarv/all.html,Sonchus arvensis,perennial sowthistle,2004,Not Available,
SPHCOC,http://www.fs.fed.us/database/feis/plants/forb/sphcoc/all.html,Sphaeralcea coccinea,scarlet globemallow,2006,Not Available,
SPHGRO,http://www.fs.fed.us/database/feis/plants/forb/sphgro/all.html,Sphaeralcea grossulariifolia,gooseberryleaf globemallow,2007,Not Available,
SYMLAE,http://www.fs.fed.us/database/feis/plants/forb/symlae/all.html,Symphyotrichum laeve,smooth blue aster,1992,Not Available,
TANVUL,http://www.fs.fed.us/database/feis/plants/forb/tanvul/all.html,Tanacetum vulgare,common tansy,2009,Not Available,
TAROFF,http://www.fs.fed.us/database/feis/plants/forb/taroff/all.html,Taraxacum officinale,common dandelion,1993,Available,
THADIO,http://www.fs.fed.us/database/feis/plants/forb/thadio/all.html,Thalictrum dioicum,early meadowrue,1992,Not Available,
THEMOL,http://www.fs.fed.us/database/feis/plants/forb/themol/all.html,Thermopsis mollis,soft bush pea,1994,Not Available,
TOXSPP,http://www.fs.fed.us/database/feis/plants/shrub/toxspp/all.html,	Toxicodendron radicans; T. rydbergii	,	eastern poison-ivy; western poison-ivy	,2012,Available,
TRADUB,http://www.fs.fed.us/database/feis/plants/forb/tradub/all.html,Tragopogon dubius,yellow salsify,2008,Available,
TRIREP,http://www.fs.fed.us/database/feis/plants/forb/trirep/all.html,Trifolium repens,white clover,1993,Not Available,
TUSFAR,http://www.fs.fed.us/database/feis/plants/forb/tusfar/all.html,Tussilago farfara,coltsfoot,2011,Not Available,
URTDIO,http://www.fs.fed.us/database/feis/plants/forb/urtdio/all.html,Urtica dioica,stinging nettle,1995,Available,
VERTHA,http://www.fs.fed.us/database/feis/plants/forb/vertha/all.html,Verbascum thapsus,common mullein,2008,Available,
VICAME,http://www.fs.fed.us/database/feis/plants/forb/vicame/all.html,Vicia americana,American vetch,1993,Available,
VINSPP,http://www.fs.fed.us/database/feis/plants/vine/vinspp/all.html,	Vinca major; V. minor	,	bigleaf periwinkle; common periwinkle	,2009,Not Available,
WYEAMP,http://www.fs.fed.us/database/feis/plants/forb/wyeamp/all.html,Wyethia amplexicaulis,mule-ears,1993,Not Available,
XANSTR,http://www.fs.fed.us/database/feis/plants/forb/xanstr/all.html,Xanthium strumarium,common cocklebur,1992,Not Available,
XERTEN,http://www.fs.fed.us/database/feis/plants/forb/xerten/all.html,Xerophyllum tenax,beargrass,1990,Available,
ZIGPAN,http://www.fs.fed.us/database/feis/plants/forb/zigpan/all.html,Zigadenus paniculatus,foothill deathcamas,1993,Not Available,
ZIGVEN,http://www.fs.fed.us/database/feis/plants/forb/zigven/all.html,Zigadenus venenosus,meadow deathcamas,2006,Available,
