Results for: (Life form = Graminoid ) 
Acronym,Link,Scientific Name,Common Name,Review Date,Fire Study Availability
ACHHYM,http://www.fs.fed.us/database/feis/plants/graminoid/achhym/all.html,Achnatheruum hymenoides,Indian ricegrass,1999,Not Available,
ACHLET,http://www.fs.fed.us/database/feis/plants/graminoid/achlet/all.html,Achnatherum lettermanii,Letterman's needlegrass,2000,Available,
ACHNEL,http://www.fs.fed.us/database/feis/plants/graminoid/achnel/all.html,Achnatherum nelsonii,Columbia needlegrass,2000,Not Available,
ACHRIC,http://www.fs.fed.us/database/feis/plants/graminoid/achric/all.html,Achnatherum richardsonii,Richardson needlegrass,1992,Available,
ACHSPE,http://www.fs.fed.us/database/feis/plants/graminoid/achspe/all.html,Achnatherum speciosum,desert needlegrass,1993,Not Available,
ACHTHU,http://www.fs.fed.us/database/feis/plants/graminoid/achthu/all.html,Achnatherum thurberiana,Thurber needlegrass,2000,Not Available,
AGRCRI,http://www.fs.fed.us/database/feis/plants/graminoid/agrcri/all.html,Agropyron cristatum,crested wheatgrass,1999,Not Available,
AGRDES,http://www.fs.fed.us/database/feis/plants/graminoid/agrdes/all.html,Agropyron desertorum,desert wheatgrass,1999,Not Available,
AGREXA,http://www.fs.fed.us/database/feis/plants/graminoid/agrexa/all.html,Agrostis exarata,spike bentgrass,1994,Not Available,
AGRGIG,http://www.fs.fed.us/database/feis/plants/graminoid/agrgig/all.html,Agrostis gigantea,redtop,1995,Available,
AGRSCA,http://www.fs.fed.us/database/feis/plants/graminoid/agrsca/all.html,Agrostis scabra,ticklegrass,1992,Available,
AGRSTO,http://www.fs.fed.us/database/feis/plants/graminoid/agrsto/all.html,Agrostis stolonifera,creeping bentgrass,1994,Not Available,
ANDGER,http://www.fs.fed.us/database/feis/plants/graminoid/andger/all.html,Andropogon gerardii,big bluestem,1988,Available,
ANDHAL,http://www.fs.fed.us/database/feis/plants/graminoid/andhal/all.html,Andropogon hallii,sand  bluestem,1988,Not Available,
ANDTERC,http://www.fs.fed.us/database/feis/plants/graminoid/andterc/all.html,Andropogon ternarius var. cabanisii,firegrass,1994,Not Available,
ANDTERT,http://www.fs.fed.us/database/feis/plants/graminoid/andtert/all.html,Andropogon ternarius var. ternarius,split bluestem,1994,Not Available,
ANDVIR,http://www.fs.fed.us/database/feis/plants/graminoid/andvir/all.html,Andropogon virginicus,broomsedge bluestem,1992,Not Available,
ARCLAT,http://www.fs.fed.us/database/feis/plants/graminoid/arclat/all.html,Arctagrostis latifolia,polargrass,1991,Not Available,
ARIPUR,http://www.fs.fed.us/database/feis/plants/graminoid/aripur/all.html,Aristida purpurea,purple threeawn,1997,Not Available,
ARISTR,http://www.fs.fed.us/database/feis/plants/graminoid/aristr/all.html,Aristida stricta,pineland threeawn,1992,Not Available,
ARUDON,http://www.fs.fed.us/database/feis/plants/graminoid/arudon/all.html,Arundo donax,giant reed,2004,Not Available,
ARUGIG,http://www.fs.fed.us/database/feis/plants/graminoid/arugig/all.html,	Arundinaria gigantea	,	giant cane	,2007,Not Available,
BOLROB,http://www.fs.fed.us/database/feis/plants/graminoid/bolrob/all.html,Bolboschoenus robustus,seacoast bulrush,1991,Not Available,
BOTBAR,http://www.fs.fed.us/database/feis/plants/graminoid/botbar/all.html,Bothriochloa barbinodis,cane bluestem,2011,Available,
BOUBAR,http://www.fs.fed.us/database/feis/plants/graminoid/boubar/all.html,Bouteloua barbata,sixweeks grama,2005,Not Available,
BOUCUR,http://www.fs.fed.us/database/feis/plants/graminoid/boucur/all.html,Bouteloua curtipendula,sideoats grama,2003,Available,
BOUERI,http://www.fs.fed.us/database/feis/plants/graminoid/boueri/all.html,Bouteloua eriopoda,black grama,2000,Not Available,
BOUGRA,http://www.fs.fed.us/database/feis/plants/graminoid/bougra/all.html,Bouteloua gracilis,blue grama,2003,Available,
BOUHIR,http://www.fs.fed.us/database/feis/plants/graminoid/bouhir/all.html,Bouteloua hirsuta,hairy grama,1999,Available,
BROCAR,http://www.fs.fed.us/database/feis/plants/graminoid/brocar/all.html,	Bromus carinatus	,	California brome	,2006,Not Available,
BROCIL,http://www.fs.fed.us/database/feis/plants/graminoid/brocil/all.html,Bromus ciliatus,fringed brome,1994,Available,
BROHOR,http://www.fs.fed.us/database/feis/plants/graminoid/brohor/all.html,Bromus hordeaceus,soft chess,1998,Available,
BROINE,http://www.fs.fed.us/database/feis/plants/graminoid/broine/all.html,Bromus inermis,smooth brome,1996,Not Available,
BROJAP,http://www.fs.fed.us/database/feis/plants/graminoid/brojap/all.html,Bromus japonicus,Japanese brome,1994,Available,
BROPUM,http://www.fs.fed.us/database/feis/plants/graminoid/bropum/all.html,Bromus pumpellianus,Pumpelly brome,1994,Not Available,
BROSPP,http://www.fs.fed.us/database/feis/plants/graminoid/brospp/all.html,	Bromus madritensis; B. rubens	,	foxtail chess; red brome	,2001,Not Available,
BROTEC,http://www.fs.fed.us/database/feis/plants/graminoid/brotec/all.html,Bromus tectorum,cheatgrass,2003,Available,
BROVUL,http://www.fs.fed.us/database/feis/plants/graminoid/brovul/all.html,Bromus vulgaris,Columbia brome,1994,Available,
BUCDAC,http://www.fs.fed.us/database/feis/plants/graminoid/bucdac/all.html,Buchloe dactyloides,buffalo grass,1995,Available,
CALCAN,http://www.fs.fed.us/database/feis/plants/graminoid/calcan/all.html,Calamagrostis canadensis,bluejoint reedgrass,1992,Available,
CALLON,http://www.fs.fed.us/database/feis/plants/graminoid/callon/all.html,Calamovilfa longifolia,prairie sandreed,2005,Not Available,
CALMON,http://www.fs.fed.us/database/feis/plants/graminoid/calmon/all.html,Calamagrostis montanensis,plains reedgrass,2006,Not Available,
CALPUR,http://www.fs.fed.us/database/feis/plants/graminoid/calpur/all.html,Calamagrostis purpurascens,purple pinegrass,1992,Available,
CALRUB,http://www.fs.fed.us/database/feis/plants/graminoid/calrub/all.html,Calamagrostis rubescens,pinegrass,2000,Available,
CARAQU,http://www.fs.fed.us/database/feis/plants/graminoid/caraqu/all.html,Carex aquatilis,water sedge,2006,Not Available,
CARBIG,http://www.fs.fed.us/database/feis/plants/graminoid/carbig/all.html,Carex bigelowii,Bigelow sedge,1992,Not Available,
CARCAP,http://www.fs.fed.us/database/feis/plants/graminoid/carcap/all.html,Carex capitata,capitate sedge,1994,Not Available,
CARCOC,http://www.fs.fed.us/database/feis/plants/graminoid/carcoc/all.html,Carex concinna,low northern sedge,1994,Available,
CARFIL,http://www.fs.fed.us/database/feis/plants/graminoid/carfil/all.html,Carex filifolia,threadleaf sedge,2006,Not Available,
CARGAR,http://www.fs.fed.us/database/feis/plants/graminoid/cargar/all.html,Carex garberi,Garber sedge,1994,Not Available,
CARGEY,http://www.fs.fed.us/database/feis/plants/graminoid/cargey/all.html,Carex geyeri,elk sedge,2002,Available,
CARINO,http://www.fs.fed.us/database/feis/plants/graminoid/carino/all.html,	Carex inops	,	long-stolon sedge	,2009,Available,
CARPES,http://www.fs.fed.us/database/feis/plants/graminoid/carpes/all.html,Carex pensylvanica,yellow sedge,1992,Available,
CARROS,http://www.fs.fed.us/database/feis/plants/graminoid/carros/all.html,Carex rossii,Ross's sedge,2008,Available,
CARSPP2,http://www.fs.fed.us/database/feis/plants/graminoid/carspp2/all.html,	Carex rostrata; C. utriculata	,	swollen beaked sedge; Northwest Territory sedge	,2008,Not Available,
CARSTR,http://www.fs.fed.us/database/feis/plants/graminoid/carstr/all.html,Carex stricta,tussock sedge,1994,Available,
CARVAG,http://www.fs.fed.us/database/feis/plants/graminoid/carvag/all.html,Carex vaginata,sheathed sedge,1994,Not Available,
CLAJAM,http://www.fs.fed.us/database/feis/plants/graminoid/clajam/all.html,Cladium jamaicense,sawgrass,1992,Not Available,
CYNDAC,http://www.fs.fed.us/database/feis/plants/graminoid/cyndac/all.html,Cynodon dactylon,Bermuda grass,1995,Not Available,
DACGLO,http://www.fs.fed.us/database/feis/plants/graminoid/dacglo/all.html,Dactylis glomerata,orchardgrass,1992,Available,
DANCOM,http://www.fs.fed.us/database/feis/plants/graminoid/dancom/all.html,Danthonia compressa,mountain oatgrass,1994,Not Available,
DANINT,http://www.fs.fed.us/database/feis/plants/graminoid/danint/all.html,Danthonia intermedia,timber oatgrass,1999,Available,
DANSPI,http://www.fs.fed.us/database/feis/plants/graminoid/danspi/all.html,Danthonia spicata,poverty oatgrass,2000,Not Available,
DANUNI,http://www.fs.fed.us/database/feis/plants/graminoid/danuni/all.html,Danthonia unispicata,onespike oatgrass,2000,Available,
DESCES,http://www.fs.fed.us/database/feis/plants/graminoid/desces/all.html,Deschampsia cespitosa,tufted hairgrass,1995,Not Available,
DESELO,http://www.fs.fed.us/database/feis/plants/graminoid/deselo/all.html,Deschampsia elongata,slender hairgrass,1994,Available,
DICACU,http://www.fs.fed.us/database/feis/plants/graminoid/dicacu/all.html,Dichanthelium acuminatum,woolly panicum,1995,Not Available,
DIGCAL,http://www.fs.fed.us/database/feis/plants/graminoid/digcal/all.html,Digitaria californica,Arizona cottontop,1993,Not Available,
DISSPI,http://www.fs.fed.us/database/feis/plants/graminoid/disspi/all.html,Distichlis spicata,saltgrass,2006,Available,
ECHCRU,http://www.fs.fed.us/database/feis/plants/graminoid/echcru/all.html,Echinochloa crus-galli,barnyard grass,1994,Not Available,
ELEPAL,http://www.fs.fed.us/database/feis/plants/graminoid/elepal/all.html,Eleocharis palustris,common spikerush,2006,Not Available,
ELEROS,http://www.fs.fed.us/database/feis/plants/graminoid/eleros/all.html,Eleocharis rostellata,beaked spikerush,1994,Not Available,
ELYCAN,http://www.fs.fed.us/database/feis/plants/graminoid/elycan/all.html,Elymus canadensis,Canada wildrye,2000,Available,
ELYELY,http://www.fs.fed.us/database/feis/plants/graminoid/elyely/all.html,Elymus elymoides,bottlebrush squirreltail,2001,Available,
ELYGLA,http://www.fs.fed.us/database/feis/plants/graminoid/elygla/all.html,Elymus glaucus,blue wildrye,1999,Available,
ELYLAN,http://www.fs.fed.us/database/feis/plants/graminoid/elylan/all.html,Elymus lanceolatus,thickspike wheatgrass,2002,Available,
ELYMAC,http://www.fs.fed.us/database/feis/plants/graminoid/elymac/all.html,Elymus macrourus,thickspike wildrye,1993,Not Available,
ELYREP,http://www.fs.fed.us/database/feis/plants/graminoid/elyrep/all.html,Elymus repens,quackgrass,1992,Available,
ELYTRA,http://www.fs.fed.us/database/feis/plants/graminoid/elytra/all.html,Elymus trachycaulus,slender wheatgrass,1992,Available,
ERACUR,http://www.fs.fed.us/database/feis/plants/graminoid/eracur/all.html,Eragrostis curvula,weeping lovegrass,2009,Available,
ERAINT,http://www.fs.fed.us/database/feis/plants/graminoid/eraint/all.html,Eragrostis intermedia,plains lovegrass,1994,Available,
ERALEH,http://www.fs.fed.us/database/feis/plants/graminoid/eraleh/all.html,Eragrostis lehmanniana,Lehmann lovegrass,1992,Available,
EREOPH,http://www.fs.fed.us/database/feis/plants/graminoid/ereoph/all.html,Eremochloa ophiuroides,centipede grass,1994,Not Available,
ERIVAG,http://www.fs.fed.us/database/feis/plants/graminoid/erivag/all.html,Eriophorum vaginatum,tussock cottongrass,2014,Available,
ERIVIR,http://www.fs.fed.us/database/feis/plants/graminoid/erivir/all.html,Eriophorum viridicarinatum,green-keeled cottongrass,2013,Not Available,
FESARI,http://www.fs.fed.us/database/feis/plants/graminoid/fesari/all.html,Festuca arizonica,Arizona fescue,2006,Not Available,
FESCAL,http://www.fs.fed.us/database/feis/plants/graminoid/fescal/all.html,Festuca californica,California fescue,1994,Not Available,
FESIDA,http://www.fs.fed.us/database/feis/plants/graminoid/fesida/all.html,Festuca idahoensis,Idaho fescue,2000,Available,
FESRUB,http://www.fs.fed.us/database/feis/plants/graminoid/fesrub/all.html,Festuca rubra,red fescue,1995,Available,
FESSPP,http://www.fs.fed.us/database/feis/plants/graminoid/fesspp/all.html,	Festuca altaica; F. campestris; F. hallii	,	northern rough fescue; alpine rough fescue; plains rough fescue	,2000,Available,
FESSUB,http://www.fs.fed.us/database/feis/plants/graminoid/fessub/all.html,Festuca subulata,bearded fescue,1994,Not Available,
FESTHU,http://www.fs.fed.us/database/feis/plants/graminoid/festhu/all.html,Festuca thurberi,Thurber fescue,2009,Not Available,
HESCOM,http://www.fs.fed.us/database/feis/plants/graminoid/hescom/all.html,Hesperostipa comata,needle-and-thread grass,1999,Available,
HESSPA,http://www.fs.fed.us/database/feis/plants/graminoid/hesspa/all.html,Hesperostipa spartea,porcupine grass,1991,Available,
HIEODO,http://www.fs.fed.us/database/feis/plants/graminoid/hieodo/all.html,Hierochloe odorata,sweet grass,1994,Not Available,
HILBEL,http://www.fs.fed.us/database/feis/plants/graminoid/hilbel/all.html,Hilaria belangeri,curly mesquite,1999,Available,
HOLLAN,http://www.fs.fed.us/database/feis/plants/graminoid/hollan/all.html,Holcus lanatus,common velvetgrass,2009,Available,
HORJUB,http://www.fs.fed.us/database/feis/plants/graminoid/horjub/all.html,Hordeum jubatum,foxtail barley,1992,Available,
IMPSPP,http://www.fs.fed.us/database/feis/plants/graminoid/impspp/all.html,	Imperata brasiliensis; I. cylindrica	,	Brazilian satintail; cogon grass	,2005,Available,
JUNARCB,http://www.fs.fed.us/database/feis/plants/graminoid/junarcb/all.html,Juncus arcticus var. balticus,Baltic rush,2005,Available,
JUNROE,http://www.fs.fed.us/database/feis/plants/graminoid/junroe/all.html,Juncus roemerianus,black rush,1992,Not Available,
KOEMAC,http://www.fs.fed.us/database/feis/plants/graminoid/koemac/all.html,Koeleria macrantha,prairie Junegrass,2000,Available,
LEUKIN,http://www.fs.fed.us/database/feis/plants/graminoid/leukin/all.html,Leucopoa kingii,spike fescue,2005,Not Available,
LEYAMB,http://www.fs.fed.us/database/feis/plants/graminoid/leyamb/all.html,Leymus ambiguus,Colorado wildrye,2004,Not Available,
LEYCIN,http://www.fs.fed.us/database/feis/plants/graminoid/leycin/all.html,Leymus cinereus,basin wildrye,2002,Not Available,
LEYSAL,http://www.fs.fed.us/database/feis/plants/graminoid/leysal/all.html,Leymus salinus,Salina wildrye,2004,Not Available,
LOLMUL,http://www.fs.fed.us/database/feis/plants/graminoid/lolmul/all.html,Lolium multiflorum,Italian ryegrass,1995,Not Available,
LOLPER,http://www.fs.fed.us/database/feis/plants/graminoid/lolper/all.html,Lolium perenne,perennial ryegrass,1992,Not Available,
LUZHIT,http://www.fs.fed.us/database/feis/plants/graminoid/luzhit/all.html,Luzula hitchcockii,smooth woodrush,1992,Not Available,
LYCSPP,http://www.fs.fed.us/database/feis/plants/graminoid/lycspp/all.html,	Lycurus phleoides; L. setosus	,	common wolfstail; bristly wolfstail	,2008,Available,
MELMIN,http://www.fs.fed.us/database/feis/plants/graminoid/melmin/all.html,Melinis minutiflora,molasses grass,2008,Not Available,
MICVIM,http://www.fs.fed.us/database/feis/plants/graminoid/micvim/all.html,Microstegium vimineum,Japanese stiltgrass,2011,Available,
MISSIN,http://www.fs.fed.us/database/feis/plants/graminoid/missin/all.html,Miscanthus sinensis,Chinese silvergrass,2011,Not Available,
MUHCUS,http://www.fs.fed.us/database/feis/plants/graminoid/muhcus/all.html,Muhlenbergia cuspidata,plains muhly,2009,Not Available,
MUHGLO,http://www.fs.fed.us/database/feis/plants/graminoid/muhglo/all.html,Muhlenbergia glomerata,spiked muhly,2011,Not Available,
MUHMON,http://www.fs.fed.us/database/feis/plants/graminoid/muhmon/all.html,Muhlenbergia montana,mountain muhly,1995,Available,
MUHPOR,http://www.fs.fed.us/database/feis/plants/graminoid/muhpor/all.html,Muhlenbergia porteri,bush muhly,1999,Not Available,
MUHRAC,http://www.fs.fed.us/database/feis/plants/graminoid/muhrac/all.html,Muhlenbergia racemosa,green muhly,2011,Not Available,
MUHRIC,http://www.fs.fed.us/database/feis/plants/graminoid/muhric/all.html,Muhlenbergia richardsonis,mat muhly,1999,Not Available,
NASPUL,http://www.fs.fed.us/database/feis/plants/graminoid/naspul/all.html,Nassella pulchra,purple needlegrass,2002,Not Available,
NASVIR,http://www.fs.fed.us/database/feis/plants/graminoid/nasvir/all.html,Nassella viridula,green needlegrass,2001,Available,
NEYREY,http://www.fs.fed.us/database/feis/plants/graminoid/neyrey/all.html,Neyraudia reynaudiana,silk reed,2010,Not Available,
PANHEM,http://www.fs.fed.us/database/feis/plants/graminoid/panhem/all.html,Panicum hemitomon,maidencane,1994,Not Available,
PANOBT,http://www.fs.fed.us/database/feis/plants/graminoid/panobt/all.html,Panicum obtusum,vine-mesquite,1991,Available,
PANREP,http://www.fs.fed.us/database/feis/plants/graminoid/panrep/all.html,Panicum repens,torpedograss,2011,Not Available,
PANVIR,http://www.fs.fed.us/database/feis/plants/graminoid/panvir/all.html,Panicum virgatum,switchgrass,1993,Available,
PASDIS,http://www.fs.fed.us/database/feis/plants/graminoid/pasdis/all.html,Paspalum distichum,knotgrass,1992,Not Available,
PASSMI,http://www.fs.fed.us/database/feis/plants/graminoid/passmi/all.html,Pascopyrum smithii,western wheatgrass,1999,Available,
PENCIL,http://www.fs.fed.us/database/feis/plants/graminoid/pencil/all.html,Pennisetum ciliare,buffelgrass,2008,Available,
PHAARU,http://www.fs.fed.us/database/feis/plants/graminoid/phaaru/all.html,Phalaris arundinacea,reed canarygrass,2010,Available,
PHLPRA,http://www.fs.fed.us/database/feis/plants/graminoid/phlpra/all.html,Phleum pratense,timothy,1993,Available,
PHRAUS,http://www.fs.fed.us/database/feis/plants/graminoid/phraus/all.html,Phragmites australis,common reed,2008,Not Available,
PHYAUR,http://www.fs.fed.us/database/feis/plants/graminoid/phyaur/all.html,Phyllostachys aurea,golden bamboo,2009,Not Available,
PIPFIM,http://www.fs.fed.us/database/feis/plants/graminoid/pipfim/all.html,Piptochaetium fimbriatum,pinyon ricegrass,2008,Not Available,
PLEJAM,http://www.fs.fed.us/database/feis/plants/graminoid/plejam/all.html,Pleuraphis jamesii,galleta,2000,Not Available,
PLEMUT,http://www.fs.fed.us/database/feis/plants/graminoid/plemut/all.html,Pleuraphis mutica,tobosa,2012,Available,
PLERIG,http://www.fs.fed.us/database/feis/plants/graminoid/plerig/all.html,Pleuraphis rigida,big galleta,2000,Not Available,
POAARI,http://www.fs.fed.us/database/feis/plants/graminoid/poaari/all.html,Poa arida,plains bluegrass,1998,Not Available,
POABUL,http://www.fs.fed.us/database/feis/plants/graminoid/poabul/all.html,Poa bulbosa,bulbous bluegrass,2007,Available,
POACOM,http://www.fs.fed.us/database/feis/plants/graminoid/poacom/all.html,Poa compressa,Canada bluegrass,1993,Available,
POACUS,http://www.fs.fed.us/database/feis/plants/graminoid/poacus/all.html,Poa cusickii,Cusick's bluegrass,1997,Not Available,
POAFEN,http://www.fs.fed.us/database/feis/plants/graminoid/poafen/all.html,Poa fendleriana,Fendler bluegrass,1997,Available,
POAPRA,http://www.fs.fed.us/database/feis/plants/graminoid/poapra/all.html,Poa pratensis,Kentucky bluegrass,1993,Available,
POASEC,http://www.fs.fed.us/database/feis/plants/graminoid/poasec/all.html,Poa secunda,Sandberg bluegrass,1997,Available,
PSAJUN,http://www.fs.fed.us/database/feis/plants/graminoid/psajun/all.html,Psathyrostachys juncea,Russian wildrye,2005,Not Available,
PSESPI,http://www.fs.fed.us/database/feis/plants/graminoid/psespi/all.html,Pseudoroegneria spicata,bluebunch wheatgrass,1999,Available,
SCHACU,http://www.fs.fed.us/database/feis/plants/graminoid/schacu/all.html,Schoenoplectus actus,hardstem bulrush,1995,Available,
SCHAME,http://www.fs.fed.us/database/feis/plants/graminoid/schame/all.html,Schoenoplectus americanus,Olney's threesquare bulrush,1992,Not Available,
SCHARU,http://www.fs.fed.us/database/feis/plants/graminoid/scharu/all.html,Schedonorus arundinaceus,tall fescue,1995,Available,
SCHPRA,http://www.fs.fed.us/database/feis/plants/graminoid/schpra/all.html,Schedonorus pratensis,meadow fescue,2010,Not Available,
SCHSCO,http://www.fs.fed.us/database/feis/plants/graminoid/schsco/all.html,Schizachyrium scoparium,little bluestem,2002,Available,
SCHTAB,http://www.fs.fed.us/database/feis/plants/graminoid/schtab/all.html,Schoenoplectus tabernaemontani,soft-stem bulrush,1993,Not Available,
SCHTEN,http://www.fs.fed.us/database/feis/plants/graminoid/schten/all.html,Schizachyrium tenerum,slender bluestem,1994,Not Available,
SCOFES,http://www.fs.fed.us/database/feis/plants/graminoid/scofes/all.html,Scolochloa festucacea,common river grass,1994,Not Available,
SORHAL,http://www.fs.fed.us/database/feis/plants/graminoid/sorhal/all.html,Sorghum halepense,Johnson grass,2004,Not Available,
SORNUT,http://www.fs.fed.us/database/feis/plants/graminoid/sornut/all.html,Sorghastrum nutans,Indiangrass,1991,Available,
SPAALT,http://www.fs.fed.us/database/feis/plants/graminoid/spaalt/all.html,Spartina alterniflora,smooth cordgrass,1991,Available,
SPAPAT,http://www.fs.fed.us/database/feis/plants/graminoid/spapat/all.html,Spartina patens,saltmeadow cordgrass,1991,Available,
SPAPEC,http://www.fs.fed.us/database/feis/plants/graminoid/spapec/all.html,Spartina pectinata,prairie cordgrass,1991,Not Available,
SPOAIR,http://www.fs.fed.us/database/feis/plants/graminoid/spoair/all.html,Sporobolus airoides,alkali sacaton,2001,Not Available,
SPOCOM,http://www.fs.fed.us/database/feis/plants/graminoid/spocom/all.html,Sporobolus compositus,tall dropseed,2010,Available,
SPOCRY,http://www.fs.fed.us/database/feis/plants/graminoid/spocry/all.html,Sporobolus cryptandrus,sand dropseed,2000,Not Available,
SPOFLE,http://www.fs.fed.us/database/feis/plants/graminoid/spofle/all.html,Sporobolus flexuous,mesa dropseed,1999,Not Available,
SPOHET,http://www.fs.fed.us/database/feis/plants/graminoid/spohet/all.html,Sporobolus heterolepis,prairie dropseed,1992,Available,
SPOWRI,http://www.fs.fed.us/database/feis/plants/graminoid/spowri/all.html,Sporobolus wrightii,big sacaton,1995,Available,
TAECAP,http://www.fs.fed.us/database/feis/plants/graminoid/taecap/all.html,Taeniatherum caput-medusae,medusahead,2001,Not Available,
TRIMUT,http://www.fs.fed.us/database/feis/plants/graminoid/trimut/all.html,Tridens muticus,slim tridens,1992,Not Available,
TYPANG,http://www.fs.fed.us/database/feis/plants/graminoid/typang/all.html,Typha angustifolia,narrow-leaved cattail,1993,Available,
TYPLAT,http://www.fs.fed.us/database/feis/plants/graminoid/typlat/all.html,Typha latifolia,broadleaf cattail,2008,Available,
UNIPAN,http://www.fs.fed.us/database/feis/plants/graminoid/unipan/all.html,Uniola paniculata,sea oats,1994,Not Available,
UROMUT,http://www.fs.fed.us/database/feis/plants/graminoid/uromut/all.html,Urochloa mutica,para grass,2010,Not Available,
VULMIC,http://www.fs.fed.us/database/feis/plants/graminoid/vulmic/all.html,Vulpia microstachys,small sixweeks grass,2006,Available,
VULMYU,http://www.fs.fed.us/database/feis/plants/graminoid/vulmyu/all.html,Vulpia myuros,rattail sixweeks grass,2006,Available,
VULOCT,http://www.fs.fed.us/database/feis/plants/graminoid/vuloct/all.html,Vulpia octoflora,sixweeks grass,2006,Available,
