Results for: Invasiveness = Invasive 
Acronym,Link,Scientific Name,Common Name,Review Date,Fire Study Availability
ACEPLA,http://www.fs.fed.us/database/feis/plants/tree/acepla/all.html,Acer platanoides,Norway maple,2003,Not Available,
ACRREP,http://www.fs.fed.us/database/feis/plants/forb/acrrep/all.html,Acroptilon repens,Russian knapweed,2001,Not Available,
AEGPOD,http://www.fs.fed.us/database/feis/plants/forb/aegpod/all.html,Aegopodium podagraria,goutweed,2009,Not Available,
AGRCRI,http://www.fs.fed.us/database/feis/plants/graminoid/agrcri/all.html,Agropyron cristatum,crested wheatgrass,1999,Not Available,
AGRDES,http://www.fs.fed.us/database/feis/plants/graminoid/agrdes/all.html,Agropyron desertorum,desert wheatgrass,1999,Not Available,
AGRGIG,http://www.fs.fed.us/database/feis/plants/graminoid/agrgig/all.html,Agrostis gigantea,redtop,1995,Available,
AILALT,http://www.fs.fed.us/database/feis/plants/tree/ailalt/all.html,Ailanthus altissima,tree-of-heaven,2010,Not Available,
ALBJUL,http://www.fs.fed.us/database/feis/plants/tree/albjul/all.html,Albizia julibrissin,mimosa,2010,Not Available,
ALLPET,http://www.fs.fed.us/database/feis/plants/forb/allpet/all.html,Alliaria petiolata,garlic mustard,2001,Available,
AMARET,http://www.fs.fed.us/database/feis/plants/forb/amaret/all.html,Amaranthus retroflexus,rough pigweed,1993,Not Available,
AMPBRE,http://www.fs.fed.us/database/feis/plants/vine/ampbre/all.html,Ampelopsis brevipedunculata,porcelainberry,2009,Not Available,
ARTABS,http://www.fs.fed.us/database/feis/plants/forb/artabs/all.html,Artemisia absinthium,absinth wormwood,1994,Not Available,
ARUDON,http://www.fs.fed.us/database/feis/plants/graminoid/arudon/all.html,Arundo donax,giant reed,2004,Not Available,
BERTHU,http://www.fs.fed.us/database/feis/plants/shrub/berthu/all.html,Berberis thunbergii,Japanese barberry,2008,Not Available,
BERVUL,http://www.fs.fed.us/database/feis/plants/shrub/bervul/all.html,Berberis vulgaris,common barberry,2009,Not Available,
BROHOR,http://www.fs.fed.us/database/feis/plants/graminoid/brohor/all.html,Bromus hordeaceus,soft chess,1998,Available,
BROINE,http://www.fs.fed.us/database/feis/plants/graminoid/broine/all.html,Bromus inermis,smooth brome,1996,Not Available,
BROJAP,http://www.fs.fed.us/database/feis/plants/graminoid/brojap/all.html,Bromus japonicus,Japanese brome,1994,Available,
BROSPP,http://www.fs.fed.us/database/feis/plants/graminoid/brospp/all.html,	Bromus madritensis; B. rubens	,	foxtail chess; red brome	,2001,Not Available,
BROTEC,http://www.fs.fed.us/database/feis/plants/graminoid/brotec/all.html,Bromus tectorum,cheatgrass,2003,Available,
CALVUL,http://www.fs.fed.us/database/feis/plants/shrub/calvul/all.html,Calluna vulgaris,heather,1993,Available,
CARNUT,http://www.fs.fed.us/database/feis/plants/forb/carnut/all.html,Carduus nutans,musk thistle,2002,Available,
CARSPP3,http://www.fs.fed.us/database/feis/plants/forb/carspp3/all.html,	Cardaria chalapensis; C. draba; C. pubescens	,	lens-podded hoary cress; heart-podded hoary cress; globe-potted hoary cress	,2004,Not Available,
CASSPP,http://www.fs.fed.us/database/feis/plants/tree/casspp/all.html,	Casuarina cunninghamiana; C. equisetifolia; C. glauca	,	river sheoak; Australian-pine; gray sheoak	,1992,Not Available,
CELORB,http://www.fs.fed.us/database/feis/plants/vine/celorb/all.html,Celastrus orbiculatus,Oriental bittersweet,2011,Not Available,
CENDIF,http://www.fs.fed.us/database/feis/plants/forb/cendif/all.html,Centaurea diffusa,diffuse knapweed,2001,Not Available,
CENSOL,http://www.fs.fed.us/database/feis/plants/forb/censol/all.html,Centaurea solstitialis,yellow starthistle,2002,Available,
CENSTOM,http://www.fs.fed.us/database/feis/plants/forb/censtom/all.html,Centaurea stoebe subsp. micranthos,spotted knapweed,2001,Available,
CHOJUN,http://www.fs.fed.us/database/feis/plants/forb/chojun/all.html,Chondrilla juncea,rush skeletonweed,2004,Not Available,
CIRARV,http://www.fs.fed.us/database/feis/plants/forb/cirarv/all.html,Cirsium arvense,Canada thistle,2001,Available,
CIRPAL,http://www.fs.fed.us/database/feis/plants/forb/cirpal/all.html,Cirsium palustre,marsh thistle,2009,Not Available,
CIRVUL,http://www.fs.fed.us/database/feis/plants/forb/cirvul/all.html,Cirsium vulgare,bull thistle,2002,Available,
CONARV,http://www.fs.fed.us/database/feis/plants/vine/conarv/all.html,Convolvulus arvensis,field bindweed,2004,Not Available,
CORVAR,http://www.fs.fed.us/database/feis/plants/forb/corvar/all.html,Coronilla varia,crownvetch,2010,Not Available,
CYNDAC,http://www.fs.fed.us/database/feis/plants/graminoid/cyndac/all.html,Cynodon dactylon,Bermuda grass,1995,Not Available,
CYNOFF,http://www.fs.fed.us/database/feis/plants/forb/cynoff/all.html,Cynoglossum officinale,houndstongue,2002,Available,
CYNSPP,http://www.fs.fed.us/database/feis/plants/vine/cynspp/all.html,	Cynanchum louiseae; C. rossicum	,	black swallow-wort; pale swallow-wort	,2009,Not Available,
CYTSPP,http://www.fs.fed.us/database/feis/plants/shrub/cytspp/all.html,	Cytisus scoparius; C. striatus	,	Scotch broom; Portuguese broom	,2005,Not Available,
DACGLO,http://www.fs.fed.us/database/feis/plants/graminoid/dacglo/all.html,Dactylis glomerata,orchardgrass,1992,Available,
DESSOP,http://www.fs.fed.us/database/feis/plants/forb/dessop/all.html,Descurainia sophia,flixweed tansymustard,2003,Available,
DIOSPP,http://www.fs.fed.us/database/feis/plants/vine/diospp/all.html,	Discorea alata; D. bulbifera; D. pentaphylla; D. polystachya; D. sansibarensis	,	water yam; air yam; fiveleaf yam; Chinese yam; Zanzibar yam	,2009,Not Available,
DIPSPP,http://www.fs.fed.us/database/feis/plants/forb/dipspp/all.html,	Dipsacus fullonum; D. laciniatus	,	common teasel; cut-leaved teasel	,2009,Not Available,
ECHCRU,http://www.fs.fed.us/database/feis/plants/graminoid/echcru/all.html,Echinochloa crus-galli,barnyard grass,1994,Not Available,
ELAANG,http://www.fs.fed.us/database/feis/plants/tree/elaang/all.html,Elaeagnus angustifolia,Russian-olive,2005,Not Available,
ELAPUN,http://www.fs.fed.us/database/feis/plants/shrub/elapun/all.html,Elaeagnus pungens,thorny-olive,2011,Not Available,
ELAUMB,http://www.fs.fed.us/database/feis/plants/shrub/elaumb/all.html,Elaeagnus umbellata,autumn-olive,2003,Not Available,
ELYREP,http://www.fs.fed.us/database/feis/plants/graminoid/elyrep/all.html,Elymus repens,quackgrass,1992,Available,
ERACUR,http://www.fs.fed.us/database/feis/plants/graminoid/eracur/all.html,Eragrostis curvula,weeping lovegrass,2009,Available,
ERALEH,http://www.fs.fed.us/database/feis/plants/graminoid/eraleh/all.html,Eragrostis lehmanniana,Lehmann lovegrass,1992,Available,
EREOPH,http://www.fs.fed.us/database/feis/plants/graminoid/ereoph/all.html,Eremochloa ophiuroides,centipede grass,1994,Not Available,
EROCIC,http://www.fs.fed.us/database/feis/plants/forb/erocic/all.html,Erodium cicutarium,cutleaf filaree,1992,Available,
EUCGLO,http://www.fs.fed.us/database/feis/plants/tree/eucglo/all.html,Eucalyptus globulus,bluegum eucalyptus,1993,Not Available,
EUOALA,http://www.fs.fed.us/database/feis/plants/shrub/euoala/all.html,Euonymus alatus,winged burning bush,2009,Not Available,
EUOFOR,http://www.fs.fed.us/database/feis/plants/vine/euofor/all.html,Euonymus fortunei,wintercreeper,2009,Not Available,
EUPCYP,http://www.fs.fed.us/database/feis/plants/forb/eupcyp/all.html,Euphorbia cyparissias,cypress spurge,2010,Not Available,
EUPESU,http://www.fs.fed.us/database/feis/plants/forb/eupesu/all.html,Euphorbia esula,leafy spurge,2011,Not Available,
FESRUB,http://www.fs.fed.us/database/feis/plants/graminoid/fesrub/all.html,Festuca rubra,red fescue,1995,Available,
FRAALN,http://www.fs.fed.us/database/feis/plants/shrub/fraaln/all.html,Frangula alnus,glossy buckthorn,2008,Available,
GENMON,http://www.fs.fed.us/database/feis/plants/shrub/genmon/all.html,Genista monspessulana,French broom,2005,Not Available,
GLEHED,http://www.fs.fed.us/database/feis/plants/forb/glehed/all.html,Glechoma hederacea,ground-ivy,2009,Not Available,
HALGLO,http://www.fs.fed.us/database/feis/plants/forb/halglo/all.html,Halogeton glomeratus,halogeton,1992,Not Available,
HEDHEL,http://www.fs.fed.us/database/feis/plants/vine/hedhel/all.html,Hedera helix,English ivy,2010,Not Available,
HERMAN,http://www.fs.fed.us/database/feis/plants/forb/herman/all.html,Heracleum mantegazzianum,giant hogweed,2009,Not Available,
HIEAUR,http://www.fs.fed.us/database/feis/plants/forb/hieaur/all.html,Hieracium aurantiacum,orange hawkweed,2010,Available,
HIECAE,http://www.fs.fed.us/database/feis/plants/forb/hiecae/all.html,Hieracium caespitosum,meadow hawkweed,2011,Not Available,
HIEPIO,http://www.fs.fed.us/database/feis/plants/forb/hiepio/all.html,Hieracium piloselloides,tall hawkweed,2011,Not Available,
HOLLAN,http://www.fs.fed.us/database/feis/plants/graminoid/hollan/all.html,Holcus lanatus,common velvetgrass,2009,Available,
HYPPER,http://www.fs.fed.us/database/feis/plants/forb/hypper/all.html,Hypericum perforatum,common St Johnswort,2005,Not Available,
IMPSPP,http://www.fs.fed.us/database/feis/plants/graminoid/impspp/all.html,	Imperata brasiliensis; I. cylindrica	,	Brazilian satintail; cogon grass	,2005,Available,
IRIPSE,http://www.fs.fed.us/database/feis/plants/forb/iripse/all.html,Iris pseudacorus,pale-yellow iris,2009,Not Available,
ISATIN,http://www.fs.fed.us/database/feis/plants/forb/isatin/all.html,Isatis tinctoria,dyer's woad,2009,Not Available,
KOCSCO,http://www.fs.fed.us/database/feis/plants/forb/kocsco/all.html,Kochia scoparia,summer-cypress,1995,Not Available,
KUMSPP,http://www.fs.fed.us/database/feis/plants/forb/kumspp/all.html,	Kummerowia stipulacea; K. striata	,	Korean clover; Japanese clover	,2010,Not Available,
LEPLAT,http://www.fs.fed.us/database/feis/plants/forb/leplat/all.html,Lepidium latifolium,perennial pepperweed,2004,Not Available,
LESBIC,http://www.fs.fed.us/database/feis/plants/shrub/lesbic/all.html,Lespedeza bicolor,bicolor lespedeza,2010,Not Available,
LESCUN,http://www.fs.fed.us/database/feis/plants/forb/lescun/all.html,Lespedeza cuneata,sericea lespedeza,2010,Not Available,
LIGSPP,http://www.fs.fed.us/database/feis/plants/shrub/ligspp/all.html,	Ligustrum amurense; L. japonicum; L. sinense; L. vulgare	,	Amur privet; Japanese privet; Chinese privet; European privet	,2003,Not Available,
LINSPP,http://www.fs.fed.us/database/feis/plants/forb/linspp/all.html,	Linaria dalmatica; L. vulgaris	,	Dalmatian toadflax; yellow toadflax	,2003,Not Available,
LOLMUL,http://www.fs.fed.us/database/feis/plants/graminoid/lolmul/all.html,Lolium multiflorum,Italian ryegrass,1995,Not Available,
LOLPER,http://www.fs.fed.us/database/feis/plants/graminoid/lolper/all.html,Lolium perenne,perennial ryegrass,1992,Not Available,
LONJAP,http://www.fs.fed.us/database/feis/plants/vine/lonjap/all.html,Lonicera japonica,Japanese honeysuckle,2002,Not Available,
LONSPP,http://www.fs.fed.us/database/feis/plants/shrub/lonspp/all.html,	Lonicera fragrantissima; L. maackii; L. morrowii;. Tatarica; L. x bella; L. xylosteum,	winter honeysuckle; Amur honeysuckle; Morrow's honeysuckle; Tatarian honeysuckle; Bell's honeysuckle; European fly honeysuckle	,2005,Not Available,
LYGSPP,http://www.fs.fed.us/database/feis/plants/fern/lygspp/all.html,	Lygodium japonicum; L. microphyllum	,	Japanese climbing fern; Old World climbing fern	,2005,Not Available,
LYSNUM,http://www.fs.fed.us/database/feis/plants/forb/lysnum/all.html,Lysimachia nummularia,moneywort,2011,Not Available,
LYTSAL,http://www.fs.fed.us/database/feis/plants/forb/lytsal/all.html,Lythrum salicaria,purple loosestrife,2002,Not Available,
MACPOM,http://www.fs.fed.us/database/feis/plants/tree/macpom/all.html,Maclura pomifera,osage-orange,1994,Not Available,
MEDSAT,http://www.fs.fed.us/database/feis/plants/forb/medsat/all.html,Medicago sativa,alfalfa,1992,Not Available,
MELAZE,http://www.fs.fed.us/database/feis/plants/tree/melaze/all.html,Melia azedarach,chinaberry,2009,Available,
MELMIN,http://www.fs.fed.us/database/feis/plants/graminoid/melmin/all.html,Melinis minutiflora,molasses grass,2008,Not Available,
MELQUI,http://www.fs.fed.us/database/feis/plants/tree/melqui/all.html,Melaleuca quinquenervia,melaleuca,2005,Not Available,
MELSPP,http://www.fs.fed.us/database/feis/plants/forb/melspp/all.html,	Melilotus alba; M. officinalis	,	white sweetclover; yellow sweetclover	,2010,Available,
MICVIM,http://www.fs.fed.us/database/feis/plants/graminoid/micvim/all.html,Microstegium vimineum,Japanese stiltgrass,2011,Available,
MISSIN,http://www.fs.fed.us/database/feis/plants/graminoid/missin/all.html,Miscanthus sinensis,Chinese silvergrass,2011,Not Available,
MOAT,http://www.fs.fed.us/database/feis/animals/bird/moat/all.html,Molothrus ater,brown-headed cowbird,1995,Not Available,
MORALB,http://www.fs.fed.us/database/feis/plants/tree/moralb/all.html,Morus alba,white mulberry,2009,Not Available,
NANDOM,http://www.fs.fed.us/database/feis/plants/shrub/nandom/all.html,Nandina domestica,sacred bamboo,2009,Not Available,
NEYREY,http://www.fs.fed.us/database/feis/plants/graminoid/neyrey/all.html,Neyraudia reynaudiana,silk reed,2010,Not Available,
PAEFOE,http://www.fs.fed.us/database/feis/plants/vine/paefoe/all.html,Paederia foetida,skunkvine,2009,Not Available,
PANREP,http://www.fs.fed.us/database/feis/plants/graminoid/panrep/all.html,Panicum repens,torpedograss,2011,Not Available,
PAUTOM,http://www.fs.fed.us/database/feis/plants/tree/pautom/all.html,Paulownia tomentosa,princesstree,2009,Not Available,
PENCIL,http://www.fs.fed.us/database/feis/plants/graminoid/pencil/all.html,Pennisetum ciliare,buffelgrass,2008,Available,
PERLON,http://www.fs.fed.us/database/feis/plants/forb/perlon/all.html,Persicaria longiseta,Oriental lady's thumb,2010,Not Available,
PHAARU,http://www.fs.fed.us/database/feis/plants/graminoid/phaaru/all.html,Phalaris arundinacea,reed canarygrass,2010,Available,
PHLPRA,http://www.fs.fed.us/database/feis/plants/graminoid/phlpra/all.html,Phleum pratense,timothy,1993,Available,
PHRAUS,http://www.fs.fed.us/database/feis/plants/graminoid/phraus/all.html,Phragmites australis,common reed,2008,Not Available,
PHYAUR,http://www.fs.fed.us/database/feis/plants/graminoid/phyaur/all.html,Phyllostachys aurea,golden bamboo,2009,Not Available,
POAPRA,http://www.fs.fed.us/database/feis/plants/graminoid/poapra/all.html,Poa pratensis,Kentucky bluegrass,1993,Available,
POLAVI,http://www.fs.fed.us/database/feis/plants/forb/polavi/all.html,Polygonum aviculare,prostrate knotweed,2010,Available,
POLPEF,http://www.fs.fed.us/database/feis/plants/vine/polpef/all.html,Polygonum perfoliatum,mile-a-minute,2010,Not Available,
POLSPP,http://www.fs.fed.us/database/feis/plants/forb/polspp/all.html,Polygonum sachalinense; P. cuspidatum; P. ? bohemicum,giant knotweed; Japanese knotweed; Bohemian knotweed,2010,Not Available,
POPSPP,http://www.fs.fed.us/database/feis/plants/tree/popspp/all.html,	Populus alba; P. x canescens; P. x heimburgeri; P. x rouleauiana; P. x tomentosa	,	white poplar; gray poplar; Heimburger's poplar; Roulwau's poplar; Chinese white poplar	,2010,Not Available,
POTREC,http://www.fs.fed.us/database/feis/plants/forb/potrec/all.html,Potentilla recta,sulfur cinquefoil,2003,Available,
PSAJUN,http://www.fs.fed.us/database/feis/plants/graminoid/psajun/all.html,Psathyrostachys juncea,Russian wildrye,2005,Not Available,
PUEMONL,http://www.fs.fed.us/database/feis/plants/vine/puemonl/all.html,Pueraria montana var. lobata,kudzu,2002,Not Available,
RHASPP,http://www.fs.fed.us/database/feis/plants/shrub/rhaspp/all.html,	Rhamnus cathartica; R. davurica	,	common buckthorn; European buckthorn	,2011,Available,
ROBPSE,http://www.fs.fed.us/database/feis/plants/tree/robpse/all.html,Robinia pseudoacacia,black locust,2009,Available,
ROSMUL,http://www.fs.fed.us/database/feis/plants/shrub/rosmul/all.html,Rosa multiflora,multiflora rose,2002,Available,
RUBDIS,http://www.fs.fed.us/database/feis/plants/shrub/rubdis/all.html,Rubus discolor,Himalayan blackberry,1989,Not Available,
RUBLAC,http://www.fs.fed.us/database/feis/plants/shrub/rublac/all.html,Rubus laciniatus,evergreen blackberry,1989,Not Available,
RUBPHO,http://www.fs.fed.us/database/feis/plants/shrub/rubpho/all.html,Rubus phoenicolasius,wineberry,2009,Not Available,
RUMACE,http://www.fs.fed.us/database/feis/plants/forb/rumace/all.html,Rumex acetosella,sheep sorrel,1995,Available,
SALKAL,http://www.fs.fed.us/database/feis/plants/forb/salkal/all.html,Salsola kali,Russian-thistle,1992,Not Available,
SCHACT,http://www.fs.fed.us/database/feis/plants/tree/schact/all.html,Schefflera actinophylla,octopus tree,2011,Not Available,
SCHARU,http://www.fs.fed.us/database/feis/plants/graminoid/scharu/all.html,Schedonorus arundinaceus,tall fescue,1995,Available,
SCHPRA,http://www.fs.fed.us/database/feis/plants/graminoid/schpra/all.html,Schedonorus pratensis,meadow fescue,2010,Not Available,
SCHTER,http://www.fs.fed.us/database/feis/plants/shrub/schter/all.html,Schinus terebinthifolius,Brazilian pepper,2011,Not Available,
SCNI,http://www.fs.fed.us/database/feis/animals/mammal/scni/all.html,Sciurus niger,eastern fox squirrel,1993,Not Available,
SISALT,http://www.fs.fed.us/database/feis/plants/forb/sisalt/all.html,Sisymbrium altissimum,tumble mustard,2003,Available,
SOLDUL,http://www.fs.fed.us/database/feis/plants/shrub/soldul/all.html,Solanum dulcamara,bittersweet nightshade,2009,Not Available,
SOLVIA,http://www.fs.fed.us/database/feis/plants/forb/solvia/all.html,Solanum viarum,tropical soda apple,2009,Not Available,
SONARV,http://www.fs.fed.us/database/feis/plants/forb/sonarv/all.html,Sonchus arvensis,perennial sowthistle,2004,Not Available,
SORHAL,http://www.fs.fed.us/database/feis/plants/graminoid/sorhal/all.html,Sorghum halepense,Johnson grass,2004,Not Available,
SPAJUN,http://www.fs.fed.us/database/feis/plants/shrub/spajun/all.html,Spartium junceum,Spanish broom,2005,Not Available,
TAECAP,http://www.fs.fed.us/database/feis/plants/graminoid/taecap/all.html,Taeniatherum caput-medusae,medusahead,2001,Not Available,
TAMAPH,http://www.fs.fed.us/database/feis/plants/tree/tamaph/all.html,Tamarix aphylla,Athel tamarisk,1992,Not Available,
TAMSPP,http://www.fs.fed.us/database/feis/plants/tree/tamspp/all.html,	Tamarix chinensis; T. gallica; T. parviflora; T. ramosissima	,	tamarisk; French tamarisk; small-flowered tamarisk; saltcedar	,2003,Not Available,
TANVUL,http://www.fs.fed.us/database/feis/plants/forb/tanvul/all.html,Tanacetum vulgare,common tansy,2009,Not Available,
TAROFF,http://www.fs.fed.us/database/feis/plants/forb/taroff/all.html,Taraxacum officinale,common dandelion,1993,Available,
TRADUB,http://www.fs.fed.us/database/feis/plants/forb/tradub/all.html,Tragopogon dubius,yellow salsify,2008,Available,
TRISEB,http://www.fs.fed.us/database/feis/plants/tree/triseb/all.html,Triadica sebifera,tallowtree,2011,Not Available,
TUSFAR,http://www.fs.fed.us/database/feis/plants/forb/tusfar/all.html,Tussilago farfara,coltsfoot,2011,Not Available,
TYPLAT,http://www.fs.fed.us/database/feis/plants/graminoid/typlat/all.html,Typha latifolia,broadleaf cattail,2008,Available,
ULEEUR,http://www.fs.fed.us/database/feis/plants/shrub/uleeur/all.html,Ulex europaeus,gorse,2006,Not Available,
UROMUT,http://www.fs.fed.us/database/feis/plants/graminoid/uromut/all.html,Urochloa mutica,para grass,2010,Not Available,
VERTHA,http://www.fs.fed.us/database/feis/plants/forb/vertha/all.html,Verbascum thapsus,common mullein,2008,Available,
VINSPP,http://www.fs.fed.us/database/feis/plants/vine/vinspp/all.html,	Vinca major; V. minor	,	bigleaf periwinkle; common periwinkle	,2009,Not Available,
VULMYU,http://www.fs.fed.us/database/feis/plants/graminoid/vulmyu/all.html,Vulpia myuros,rattail sixweeks grass,2006,Available,
WISSPP,http://www.fs.fed.us/database/feis/plants/vine/wisspp/all.html,	Wisteria floribunda; W. sinensis	,	Japanese wisteria; Chinese wisteria	,2009,Not Available,
XANSTR,http://www.fs.fed.us/database/feis/plants/forb/xanstr/all.html,Xanthium strumarium,common cocklebur,1992,Not Available,
