Results for: (Life form = Shrub ) 
Acronym,Link,Scientific Name,Common Name,Review Date,Fire Study Availability
ACACON,http://www.fs.fed.us/database/feis/plants/shrub/acacon/all.html,Acacia constricta,whitethorn acacia,2004,Available,
ACAGRE,http://www.fs.fed.us/database/feis/plants/shrub/acagre/all.html,Acacia greggii,catclaw acacia,2005,Not Available,
ACASPH,http://www.fs.fed.us/database/feis/plants/shrub/acasph/all.html,Acamptopappus sphaerocephalus,rayless goldenhead,1991,Not Available,
ACECIR,http://www.fs.fed.us/database/feis/plants/shrub/acecir/all.html,Acer circinatum,vine maple,1989,Available,
ACEGLA,http://www.fs.fed.us/database/feis/plants/shrub/acegla/all.html,Acer glabrum,Rocky Mountain maple,2001,Available,
ACEGRA,http://www.fs.fed.us/database/feis/plants/tree/acegra/all.html,Acer grandidentatum,bigtooth maple,2006,Not Available,
ACEPEN,http://www.fs.fed.us/database/feis/plants/tree/acepen/all.html,Acer pensylvanicum,striped maple,1993,Available,
ACESPI,http://www.fs.fed.us/database/feis/plants/shrub/acespi/all.html,Acer spicatum,mountain maple,1993,Not Available,
ADEFAS,http://www.fs.fed.us/database/feis/plants/shrub/adefas/all.html,Adenostoma fasciculatum,chamise,1990,Not Available,
ADESPA,http://www.fs.fed.us/database/feis/plants/shrub/adespa/all.html,Adenostoma sparsifolium,red shank,1993,Not Available,
AESCAL,http://www.fs.fed.us/database/feis/plants/tree/aescal/all.html,Aesculus californica,California buckeye,1992,Not Available,
AGALEC,http://www.fs.fed.us/database/feis/plants/shrub/agalec/all.html,Agave lechuguilla,lechuguilla,2006,Not Available,
ALBJUL,http://www.fs.fed.us/database/feis/plants/tree/albjul/all.html,Albizia julibrissin,mimosa,2010,Not Available,
ALNINC,http://www.fs.fed.us/database/feis/plants/tree/alninc/all.html,Alnus incana,gray alder,2011,Available,
ALNRHO,http://www.fs.fed.us/database/feis/plants/tree/alnrho/all.html,Alnus rhombifolia,white alder,2014,Not Available,
ALNRUB,http://www.fs.fed.us/database/feis/plants/tree/alnrub/all.html,Alnus rubra,red alder,1989,Not Available,
ALNVIRC,http://www.fs.fed.us/database/feis/plants/shrub/alnvirc/all.html,Alnus viridis subsp. crispa,American green alder,1992,Available,
ALNVIRS,http://www.fs.fed.us/database/feis/plants/shrub/alnvirs/all.html,Alnus viridis subsp. sinuata,Sitka alder,1989,Available,
AMBDEL,http://www.fs.fed.us/database/feis/plants/shrub/ambdel/all.html,Ambrosia deltoidea,triangle bursage,1994,Not Available,
AMBDUM,http://www.fs.fed.us/database/feis/plants/shrub/ambdum/all.html,Ambrosia dumosa,white bursage,1994,Available,
AMEALN,http://www.fs.fed.us/database/feis/plants/shrub/amealn/all.html,Amelanchier alnifolia,Saskatoon serviceberry,1997,Available,
AMEARB,http://www.fs.fed.us/database/feis/plants/tree/amearb/all.html,Amelanchier arborea,downy serviceberry,1992,Available,
AMEUTA,http://www.fs.fed.us/database/feis/plants/shrub/ameuta/all.html,Amelanchier utahensis,Utah serviceberry,1999,Available,
AMOCAN,http://www.fs.fed.us/database/feis/plants/shrub/amocan/all.html,Amorpha canescens,leadplant,2011,Not Available,
ANDPOL,http://www.fs.fed.us/database/feis/plants/shrub/andpol/all.html,Andromeda polifolia,bog rosemary,2007,Not Available,
ARASPI,http://www.fs.fed.us/database/feis/plants/tree/araspi/all.html,Aralia spinosa,Devil's walking stick,1992,Not Available,
ARBARI,http://www.fs.fed.us/database/feis/plants/tree/arbari/all.html,Arbutus arizonica,Arizona madrone,1993,Not Available,
ARBXAL,http://www.fs.fed.us/database/feis/plants/tree/arbxal/all.html,Arbutus xalapensis,Texas madrone,1990,Not Available,
ARCCOL,http://www.fs.fed.us/database/feis/plants/shrub/arccol/all.html,Arctostaphylos columbiana,hairy manzanita,1993,Available,
ARCGLA,http://www.fs.fed.us/database/feis/plants/shrub/arcgla/all.html,Arctostaphylos glandulosa,Eastwood's manzanita,1992,Available,
ARCGLU,http://www.fs.fed.us/database/feis/plants/shrub/arcglu/all.html,Arctostaphylos glauca,bigberry manzanita,1993,Not Available,
ARCMAN,http://www.fs.fed.us/database/feis/plants/shrub/arcman/all.html,Arctostaphylos manzanita,common manzanita,2014,Not Available,
ARCNEV,http://www.fs.fed.us/database/feis/plants/shrub/arcnev/all.html,Arctostaphylos nevadensis,pinemat manzanita,1993,Not Available,
ARCPAT,http://www.fs.fed.us/database/feis/plants/shrub/arcpat/all.html,Arctostaphylos patula,greenleaf manzanita,2007,Available,
ARCPUN,http://www.fs.fed.us/database/feis/plants/shrub/arcpun/all.html,Arctostaphylos pungens,pointleaf manzanita,2005,Available,
ARCRUB,http://www.fs.fed.us/database/feis/plants/shrub/arcrub/all.html,Arctostaphylos rubra,red fruit bearberry,2008,Not Available,
ARCUVA,http://www.fs.fed.us/database/feis/plants/shrub/arcuva/all.html,Arctostaphylos uva-ursi,kinnikinnick,1991,Available,
ARCVIS,http://www.fs.fed.us/database/feis/plants/shrub/arcvis/all.html,Arctostaphylos viscida,sticky whiteleaf manzanita,1992,Available,
ARTABR,http://www.fs.fed.us/database/feis/plants/shrub/artabr/all.html,Artemisia abrotanum,southernwood,1998,Not Available,
ARTARB,http://www.fs.fed.us/database/feis/plants/shrub/artarb/all.html,Artemisia arbuscula,low sagebrush,2002,Not Available,
ARTBIG,http://www.fs.fed.us/database/feis/plants/shrub/artbig/all.html,Artemisia bigelovii,Bigelow sagebrush,2003,Not Available,
ARTCAL,http://www.fs.fed.us/database/feis/plants/shrub/artcal/all.html,Artemisia californica,California sagebrush,2006,Not Available,
ARTCAN,http://www.fs.fed.us/database/feis/plants/shrub/artcan/all.html,Artemisia cana,silver sagebrush,2002,Available,
ARTDRA,http://www.fs.fed.us/database/feis/plants/shrub/artdra/all.html,Artemisia dracunculus,tarragon,2005,Not Available,
ARTFIL,http://www.fs.fed.us/database/feis/plants/shrub/artfil/all.html,Artemisia filifolia,sand sagebrush,2003,Not Available,
ARTFRI,http://www.fs.fed.us/database/feis/plants/shrub/artfri/all.html,Artemisia frigida,fringed sagebrush,2003,Available,
ARTLUD,http://www.fs.fed.us/database/feis/plants/forb/artlud/all.html,Artemisia ludoviciana,prairie sage,2005,Available,
ARTNOR,http://www.fs.fed.us/database/feis/plants/shrub/artnor/all.html,Artemisia norvegica,boreal sagebrush,2006,Not Available,
ARTNOV,http://www.fs.fed.us/database/feis/plants/shrub/artnov/all.html,Artemisia nova,black sagebrush,2009,Not Available,
ARTPAP,http://www.fs.fed.us/database/feis/plants/shrub/artpap/all.html,Artemisia papposa,Owyhee sagebrush,2009,Not Available,
ARTPED,http://www.fs.fed.us/database/feis/plants/shrub/artped/all.html,Artemisia pedatifida,birdfoot sagebrush,2006,Not Available,
ARTPYG,http://www.fs.fed.us/database/feis/plants/shrub/artpyg/all.html,Artemisia pygmaea,pygmy sagebrush,2005,Not Available,
ARTRIG,http://www.fs.fed.us/database/feis/plants/shrub/artrig/all.html,Artemisia rigida,stiff sagebrush,2003,Not Available,
ARTTRIT,http://www.fs.fed.us/database/feis/plants/shrub/arttrit/all.html,Artemisia tridentata subsp. tridentata,basin big sagebrush,1999,Available,
ARTTRIV,http://www.fs.fed.us/database/feis/plants/shrub/arttriv/all.html,Artemisia tridentata subsp. vaseyana,mountain big sagebrush,2000,Available,
ARTTRIW,http://www.fs.fed.us/database/feis/plants/shrub/arttriw/all.html,Artemisia tridentata subsp. wyomingensis,Wyoming big sagebrush,1999,Available,
ARTTRP,http://www.fs.fed.us/database/feis/plants/shrub/arttrp/all.html,	Artemisia tripartita	,	threetip sagebrush	,1999,Not Available,
ASITRI,http://www.fs.fed.us/database/feis/plants/tree/asitri/all.html,Asimina triloba,pawpaw,1993,Not Available,
ATRCAN,http://www.fs.fed.us/database/feis/plants/shrub/atrcan/all.html,Atriplex canescens,fourwing saltbush,2003,Not Available,
ATRCON,http://www.fs.fed.us/database/feis/plants/shrub/atrcon/all.html,Atriplex confertifolia,shadscale,2001,Available,
ATRGAR,http://www.fs.fed.us/database/feis/plants/shrub/atrgar/all.html,Atriplex gardneri,Gardner's saltbush,1993,Not Available,
ATRLEN,http://www.fs.fed.us/database/feis/plants/shrub/atrlen/all.html,Atriplex lentiformis,big saltbrush,2005,Not Available,
BACHAL,http://www.fs.fed.us/database/feis/plants/shrub/bachal/all.html,Baccharis halimifolia,groundsel-tree,1991,Not Available,
BACPIL,http://www.fs.fed.us/database/feis/plants/shrub/bacpil/all.html,Baccharis piluaris,coyotebrush,2002,Not Available,
BERNER,http://www.fs.fed.us/database/feis/plants/shrub/berner/all.html,Berberis nervosa,dwarf Oregon-grape,1990,Available,
BERNEV,http://www.fs.fed.us/database/feis/plants/shrub/bernev/all.html,Berberis nevinii,Nevin's barberry,2012,Not Available,
BERREP,http://www.fs.fed.us/database/feis/plants/shrub/berrep/all.html,Berberis repens,Oregon grape,2006,Available,
BERTHU,http://www.fs.fed.us/database/feis/plants/shrub/berthu/all.html,Berberis thunbergii,Japanese barberry,2008,Not Available,
BERTRI,http://www.fs.fed.us/database/feis/plants/shrub/bertri/all.html,Berberis trifoliolata,algerita,1990,Available,
BERVUL,http://www.fs.fed.us/database/feis/plants/shrub/bervul/all.html,Berberis vulgaris,common barberry,2009,Not Available,
BETGLA,http://www.fs.fed.us/database/feis/plants/shrub/betgla/all.html,Betula glandulosa,dwarf birch,2007,Available,
BETNAN,http://www.fs.fed.us/database/feis/plants/shrub/betnan/all.html,Betula nana,arctic dwarf birch,2007,Available,
BETOCC,http://www.fs.fed.us/database/feis/plants/tree/betocc/all.html,Betula occidentalis,water birch,2012,Not Available,
CALAME,http://www.fs.fed.us/database/feis/plants/shrub/calame/all.html,Callicarpa americana,American beautyberry,1992,Not Available,
CALVUL,http://www.fs.fed.us/database/feis/plants/shrub/calvul/all.html,Calluna vulgaris,heather,1993,Available,
CASPUM,http://www.fs.fed.us/database/feis/plants/tree/caspum/all.html,Castanea pumila,Allegheny chinkapin,1994,Not Available,
CEAAME,http://www.fs.fed.us/database/feis/plants/shrub/ceaame/all.html,Ceanothus americanus,New Jersey tea,1993,Not Available,
CEACOR,http://www.fs.fed.us/database/feis/plants/shrub/ceacor/all.html,Ceanothus cordulatus,whitethorn ceanothus,2006,Available,
CEACUN,http://www.fs.fed.us/database/feis/plants/shrub/ceacun/all.html,Ceanothus cuneatus,wedgeleaf ceanothus,2005,Not Available,
CEAFOL,http://www.fs.fed.us/database/feis/plants/shrub/ceafol/all.html,Ceanothus foliosus,wavyleaf ceanothus,1992,Not Available,
CEAGRE,http://www.fs.fed.us/database/feis/plants/shrub/ceagre/all.html,Ceanothus greggii,desert ceanothus,2000,Available,
CEAINT,http://www.fs.fed.us/database/feis/plants/shrub/ceaint/all.html,Ceanothus integerrimus,deer brush,1997,Available,
CEALEU,http://www.fs.fed.us/database/feis/plants/shrub/cealeu/all.html,Ceanothus leucodermis,chaparral whitethorn,2012,Available,
CEAOPH,http://www.fs.fed.us/database/feis/plants/shrub/ceaoph/all.html,Ceanothus ophiochilus,Vail Lake ceanothus,2012,Not Available,
CEASAN,http://www.fs.fed.us/database/feis/plants/shrub/ceasan/all.html,Ceanothus sanguineus,redstem ceanothus,2000,Available,
CEAVEL,http://www.fs.fed.us/database/feis/plants/shrub/ceavel/all.html,Ceanothus velutinus,snowbrush ceanothus,2001,Available,
CELOCC,http://www.fs.fed.us/database/feis/plants/tree/celocc/all.html,Celtis occidentalis,hackberry,2011,Available,
CELRET,http://www.fs.fed.us/database/feis/plants/tree/celret/all.html,Celtis reticulata,netleaf hackberry,1990,Available,
CEPOCC,http://www.fs.fed.us/database/feis/plants/shrub/cepocc/all.html,Cephalanthus occidentalis,buttonbush,1991,Not Available,
CERCAN,http://www.fs.fed.us/database/feis/plants/tree/cercan/all.html,Cercis canadensis,eastern redbud,1994,Available,
CERERI,http://www.fs.fed.us/database/feis/plants/shrub/cereri/all.html,Ceratiola ericoides,rosemary,1992,Not Available,
CERLED,http://www.fs.fed.us/database/feis/plants/tree/cerled/all.html,Cercocarpus ledifolius,curlleaf mountain-mahogany,2006,Not Available,
CERMON,http://www.fs.fed.us/database/feis/plants/shrub/cermon/all.html,Cercocarpus montanus,true mountain-mahogany,2006,Available,
CERORB,http://www.fs.fed.us/database/feis/plants/shrub/cerorb/all.html,Cercis orbiculata,California redbud,2006,Not Available,
CHACAL,http://www.fs.fed.us/database/feis/plants/shrub/chacal/all.html,Chamaedaphne calyculata,leatherleaf,1993,Available,
CHAFOL,http://www.fs.fed.us/database/feis/plants/shrub/chafol/all.html,Chamaebatia foliolosa,mountain misery,1992,Available,
CHAMIL,http://www.fs.fed.us/database/feis/plants/shrub/chamil/all.html,Chamaebatiaria millefolium,desert sweet,1994,Not Available,
CHILIN,http://www.fs.fed.us/database/feis/plants/shrub/chilin/all.html,Chilopsis linearis,desert willow,1990,Not Available,
CHIMEN,http://www.fs.fed.us/database/feis/plants/shrub/chimen/all.html,Chimaphila menziesii,little prince's-pine,1994,Available,
CHIUMB,http://www.fs.fed.us/database/feis/plants/shrub/chiumb/all.html,Chimaphila umbellata,pipsissewa,1994,Available,
CHRCHR,http://www.fs.fed.us/database/feis/plants/tree/chrchr/all.html,Chrysolepis chrysophylla,giant chinquapin,2012,Available,
CHRSEM,http://www.fs.fed.us/database/feis/plants/shrub/chrsem/all.html,Chrysolepis sempervirens,bush chinquapin,1992,Not Available,
CHRVIS,http://www.fs.fed.us/database/feis/plants/shrub/chrvis/all.html,Chrysothamnus viscidiflorus,yellow rabbitbrush,1999,Available,
CLEALN,http://www.fs.fed.us/database/feis/plants/shrub/clealn/all.html,Clethra alnifolia,coastal sweetpepperbush,1991,Not Available,
COLRAM,http://www.fs.fed.us/database/feis/plants/shrub/colram/all.html,Coleogyne ramosissima,blackbrush,2001,Not Available,
COMPER,http://www.fs.fed.us/database/feis/plants/shrub/comper/all.html,Comptonia peregrina,sweetfern,1993,Not Available,
CORALT,http://www.fs.fed.us/database/feis/plants/shrub/coralt/all.html,Cornus alternifolia,alternate-leaf dogwood,1994,Not Available,
CORAME,http://www.fs.fed.us/database/feis/plants/shrub/corame/all.html,Corylus americana,American hazelnut,1993,Available,
CORCAN,http://www.fs.fed.us/database/feis/plants/forb/corcan/all.html,Cornus canadensis,bunchberry,2012,Available,
CORCOR,http://www.fs.fed.us/database/feis/plants/shrub/corcor/all.html,	Corylus cornuta	,	beaked hazelnut	,2007,Available,
CORFLO,http://www.fs.fed.us/database/feis/plants/shrub/corflo/all.html,Cornus florida,flowering dogwood,1991,Available,
CORNUT,http://www.fs.fed.us/database/feis/plants/tree/cornut/all.html,Cornus nuttallii,Pacific dogwood,2005,Available,
CORRAC,http://www.fs.fed.us/database/feis/plants/tree/corrac/all.html,Cornus racemosa,gray dogwood,1993,Available,
CORSER,http://www.fs.fed.us/database/feis/plants/shrub/corser/all.html,Cornus sericea,red-osier dogwood,2012,Available,
CRADOU,http://www.fs.fed.us/database/feis/plants/shrub/cradou/all.html,Crataegus douglasii,Douglas hawthorn,1991,Available,
CYRRAC,http://www.fs.fed.us/database/feis/plants/shrub/cyrrac/all.html,Cyrilla racemiflora,cyrilla,1992,Not Available,
CYTSPP,http://www.fs.fed.us/database/feis/plants/shrub/cytspp/all.html,	Cytisus scoparius; C. striatus	,	Scotch broom; Portuguese broom	,2005,Not Available,
DASFLO,http://www.fs.fed.us/database/feis/plants/shrub/dasflo/all.html,Dasiphora floribunda,shrubby cinquefoil,2001,Available,
DASLEI,http://www.fs.fed.us/database/feis/plants/shrub/daslei/all.html,Dasylirion leiophyllum,smooth-leaf sotol,1993,Not Available,
DASWHE,http://www.fs.fed.us/database/feis/plants/shrub/daswhe/all.html,Dasylirion wheeleri,desert spoon,1993,Not Available,
DIELON,http://www.fs.fed.us/database/feis/plants/shrub/dielon/all.html,Diervilla lonicera,bush-honeysuckle,1993,Available,
ELAANG,http://www.fs.fed.us/database/feis/plants/tree/elaang/all.html,Elaeagnus angustifolia,Russian-olive,2005,Not Available,
ELACOM,http://www.fs.fed.us/database/feis/plants/shrub/elacom/all.html,Elaeagnus commutata,silverberry,1994,Not Available,
ELAPUN,http://www.fs.fed.us/database/feis/plants/shrub/elapun/all.html,Elaeagnus pungens,thorny-olive,2011,Not Available,
ELAUMB,http://www.fs.fed.us/database/feis/plants/shrub/elaumb/all.html,Elaeagnus umbellata,autumn-olive,2003,Not Available,
EMPNIG,http://www.fs.fed.us/database/feis/plants/shrub/empnig/all.html,Empetrum nigrum,black crowberry,1992,Available,
ENCFAR,http://www.fs.fed.us/database/feis/plants/shrub/encfar/all.html,Encelia farinosa,brittle bush,1993,Available,
ENCFRU,http://www.fs.fed.us/database/feis/plants/shrub/encfru/all.html,Encelia frutescens,bush encelia,1993,Not Available,
EPHNEV,http://www.fs.fed.us/database/feis/plants/shrub/ephnev/all.html,Ephedra nevadensis,Nevada ephedra,2004,Not Available,
EPHVIR,http://www.fs.fed.us/database/feis/plants/shrub/ephvir/all.html,Ephedra viridis,green ephedra,2001,Not Available,
ERICAL,http://www.fs.fed.us/database/feis/plants/shrub/erical/all.html,Eriodictyon californicum,yerba santa,1992,Not Available,
ERINAU,http://www.fs.fed.us/database/feis/plants/shrub/erinau/all.html,Ericameria nauseosa,rubber rabbitbrush,1999,Available,
ERIPAN,http://www.fs.fed.us/database/feis/plants/shrub/eripan/all.html,Ericameria paniculata,Mohave rabbitbrush,1993,Not Available,
EUBRAC,http://www.fs.fed.us/database/feis/plants/shrub/eubrac/all.html,Eubotrys racemosa,deciduous swamp fetterbush,1992,Not Available,
EUOALA,http://www.fs.fed.us/database/feis/plants/shrub/euoala/all.html,Euonymus alatus,winged burning bush,2009,Not Available,
EUOFOR,http://www.fs.fed.us/database/feis/plants/vine/euofor/all.html,Euonymus fortunei,wintercreeper,2009,Not Available,
FALPAR,http://www.fs.fed.us/database/feis/plants/shrub/falpar/all.html,Fallugia paradoxa,Apache plume,2000,Not Available,
FENRUP,http://www.fs.fed.us/database/feis/plants/shrub/fenrup/all.html,Fendlera rupicola,fendlerbush,1993,Not Available,
FLOCER,http://www.fs.fed.us/database/feis/plants/shrub/flocer/all.html,Flourensia cernua,tarbush,2010,Not Available,
FOUSPL,http://www.fs.fed.us/database/feis/plants/shrub/fouspl/all.html,Fouquieria splendens,ocotillo,1994,Not Available,
FRAALN,http://www.fs.fed.us/database/feis/plants/shrub/fraaln/all.html,Frangula alnus,glossy buckthorn,2008,Available,
FRAANO,http://www.fs.fed.us/database/feis/plants/shrub/fraano/all.html,Fraxinus anomala,singleleaf ash,1993,Not Available,
FRAPUR,http://www.fs.fed.us/database/feis/plants/shrub/frapur/all.html,Frangula purshiana,cascara,1992,Not Available,
FRECAL,http://www.fs.fed.us/database/feis/plants/shrub/frecal/all.html,Fremontodendron californicum,flannelbush,1993,Not Available,
GALURC,http://www.fs.fed.us/database/feis/plants/forb/galurc/all.html,Galax urceolata,galax,2006,Available,
GARFRE,http://www.fs.fed.us/database/feis/plants/shrub/garfre/all.html,Garrya fremontii,Fremont silktassel,1992,Not Available,
GARWRI,http://www.fs.fed.us/database/feis/plants/shrub/garwri/all.html,Garrya wrightii,Wright silktassel,1990,Not Available,
GAUPRO,http://www.fs.fed.us/database/feis/plants/shrub/gaupro/all.html,Gaultheria procumbens,wintergreen,1994,Available,
GAUSHA,http://www.fs.fed.us/database/feis/plants/shrub/gausha/all.html,Gaultheria shallon,salal,1990,Available,
GAYBAC,http://www.fs.fed.us/database/feis/plants/shrub/gaybac/all.html,Gaylussacia baccata,black huckleberry,2006,Available,
GAYDUM,http://www.fs.fed.us/database/feis/plants/shrub/gaydum/all.html,Gaylussacia dumosa,dwarf huckleberry,1992,Not Available,
GAYFRO,http://www.fs.fed.us/database/feis/plants/shrub/gayfro/all.html,Gaylussacia frondosa,dangleberry,1994,Not Available,
GAYURS,http://www.fs.fed.us/database/feis/plants/shrub/gayurs/all.html,Gaylussacia ursina,bear huckleberry,2005,Not Available,
GENMON,http://www.fs.fed.us/database/feis/plants/shrub/genmon/all.html,Genista monspessulana,French broom,2005,Not Available,
GORLAS,http://www.fs.fed.us/database/feis/plants/tree/gorlas/all.html,Gordonia lasianthus,loblolly-bay,1992,Not Available,
GRASPI,http://www.fs.fed.us/database/feis/plants/shrub/graspi/all.html,Grayia spinosa,spiny hopsage,1999,Not Available,
GUTMIC,http://www.fs.fed.us/database/feis/plants/shrub/gutmic/all.html,Gutierrezia microcephala,threadleaf snakeweed,1994,Not Available,
GUTSAR,http://www.fs.fed.us/database/feis/plants/shrub/gutsar/all.html,Gutierrezia sarothrae,broom snakeweed,1999,Available,
HAMVIR,http://www.fs.fed.us/database/feis/plants/tree/hamvir/all.html,Hamamelis virginiana,witch-hazel,1993,Available,
HESSPP,http://www.fs.fed.us/database/feis/plants/forb/hesspp/all.html,	Hesperoyucca newberryi; H. whipplei	,	Newberry's yucca; chaparral yucca	,2012,Not Available,
HETARB,http://www.fs.fed.us/database/feis/plants/shrub/hetarb/all.html,Heteromeles arbutifolia,toyon,1990,Not Available,
HOLDIS,http://www.fs.fed.us/database/feis/plants/shrub/holdis/all.html,Holodiscus discolor,creambush oceanspray,2010,Available,
HOLDUM,http://www.fs.fed.us/database/feis/plants/shrub/holdum/all.html,Holodiscus dumosus,rockspirea,2010,Not Available,
HUDERI,http://www.fs.fed.us/database/feis/plants/shrub/huderi/all.html,Hudsonia ericoides,pine barren goldenheather,2005,Available,
HYMSAL,http://www.fs.fed.us/database/feis/plants/shrub/hymsal/all.html,Hymenoclea salsola,white burrobrush,1993,Available,
ILEAMB,http://www.fs.fed.us/database/feis/plants/shrub/ileamb/all.html,Ilex ambigua,Carolina holly,1994,Not Available,
ILECOR,http://www.fs.fed.us/database/feis/plants/shrub/ilecor/all.html,Ilex coriacea,large gallberry,1991,Not Available,
ILEDEC,http://www.fs.fed.us/database/feis/plants/tree/iledec/all.html,Ilex decidua,deciduous holly,1993,Available,
ILEGLA,http://www.fs.fed.us/database/feis/plants/shrub/ilegla/all.html,Ilex glabra,inkberry,2001,Not Available,
ILEOPA,http://www.fs.fed.us/database/feis/plants/tree/ileopa/all.html,Ilex opaca,American holly,1991,Not Available,
ILEVOM,http://www.fs.fed.us/database/feis/plants/shrub/ilevom/all.html,Ilex vomitoria,yaupon,1992,Not Available,
JUGMIC,http://www.fs.fed.us/database/feis/plants/tree/jugmic/all.html,Juglans microcarpa,little walnut,1990,Not Available,
JUNASH,http://www.fs.fed.us/database/feis/plants/tree/junash/all.html,Juniperus ashei,Ashe juniper,1993,Available,
JUNCAL,http://www.fs.fed.us/database/feis/plants/tree/juncal/all.html,Juniperus californica,California juniper,1992,Not Available,
JUNCOA,http://www.fs.fed.us/database/feis/plants/tree/juncoa/all.html,Juniperus coahuilensis,redberry juniper,1993,Not Available,
JUNCOM,http://www.fs.fed.us/database/feis/plants/shrub/juncom/all.html,Juniperus communis,common juniper,1999,Available,
JUNFLA,http://www.fs.fed.us/database/feis/plants/tree/junfla/all.html,Juniperus flaccida,drooping juniper,2007,Not Available,
JUNHOR,http://www.fs.fed.us/database/feis/plants/shrub/junhor/all.html,Juniperus horizontalis,creeping juniper,2006,Not Available,
JUNPIN,http://www.fs.fed.us/database/feis/plants/tree/junpin/all.html,Juniperus pinchotii,Pinchot juniper,2007,Available,
JUNVIR,http://www.fs.fed.us/database/feis/plants/tree/junvir/all.html,Juniperus virginiana,eastern redcedar,2003,Available,
KALANG,http://www.fs.fed.us/database/feis/plants/shrub/kalang/all.html,Kalmia angustifolia,sheep-laurel,1991,Not Available,
KALLAT,http://www.fs.fed.us/database/feis/plants/shrub/kallat/all.html,Kalmia latifolia,mountain-laurel,2005,Available,
KARERE,http://www.fs.fed.us/database/feis/plants/shrub/kraere/all.html,Krameria erecta,littleleaf ratany,1991,Not Available,
KRAGRA,http://www.fs.fed.us/database/feis/plants/shrub/kragra/all.html,Krameria grayi,white ratany,1991,Not Available,
KRALAN,http://www.fs.fed.us/database/feis/plants/shrub/kralan/all.html,Krascheninnikovia lanata,winterfat,1995,Available,
LARTRI,http://www.fs.fed.us/database/feis/plants/shrub/lartri/all.html,Larrea tridentata,creosotebush,1995,Available,
LEDGRO,http://www.fs.fed.us/database/feis/plants/shrub/ledgro/all.html,Ledum groenlandicum,bog Labrador tea,2006,Available,
LEDPAL,http://www.fs.fed.us/database/feis/plants/shrub/ledpal/all.html,Ledum palustre,northern Labrador tea,2005,Not Available,
LESBIC,http://www.fs.fed.us/database/feis/plants/shrub/lesbic/all.html,Lespedeza bicolor,bicolor lespedeza,2010,Not Available,
LIGSPP,http://www.fs.fed.us/database/feis/plants/shrub/ligspp/all.html,	Ligustrum amurense; L. japonicum; L. sinense; L. vulgare	,	Amur privet; Japanese privet; Chinese privet; European privet	,2003,Not Available,
LINBOR,http://www.fs.fed.us/database/feis/plants/forb/linbor/all.html,Linnaea borealis,twinflower,1993,Available,
LINPUN,http://www.fs.fed.us/database/feis/plants/shrub/linpun/all.html,Linanthus pungens,granite prickly-phlox,2010,Not Available,
LONHIS,http://www.fs.fed.us/database/feis/plants/vine/lonhis/all.html,Lonicera hispidula,pink honeysuckle,2007,Not Available,
LONSPP,http://www.fs.fed.us/database/feis/plants/shrub/lonspp/all.html,	Lonicera fragrantissima; L. maackii; L. morrowii;. Tatarica; L. x bella; L. xylosteum,	winter honeysuckle; Amur honeysuckle; Morrow's honeysuckle; Tatarian honeysuckle; Bell's honeysuckle; European fly honeysuckle	,2005,Not Available,
LONUTA,http://www.fs.fed.us/database/feis/plants/shrub/lonuta/all.html,Lonicera utahensis,Utah honeysuckle,1993,Not Available,
LYCAND,http://www.fs.fed.us/database/feis/plants/shrub/lycand/all.html,Lycium andersonii,Anderson wolfberry,1992,Available,
LYCBER,http://www.fs.fed.us/database/feis/plants/shrub/lycber/all.html,Lycium berlandieri,Berlandier wolfberry,1994,Available,
LYCPAL,http://www.fs.fed.us/database/feis/plants/shrub/lycpal/all.html,Lycium pallidum,pale wolfberry,1994,Not Available,
LYCTOR,http://www.fs.fed.us/database/feis/plants/shrub/lyctor/all.html,Lycium torreyi,Torrey wolfberry,1994,Not Available,
LYOLIG,http://www.fs.fed.us/database/feis/plants/shrub/lyolig/all.html,Lyonia ligustrina,maleberry,1994,Not Available,
LYOLUC,http://www.fs.fed.us/database/feis/plants/shrub/lyoluc/all.html,Lyonia lucida,fetterbush,1991,Not Available,
MAGVIR,http://www.fs.fed.us/database/feis/plants/tree/magvir/all.html,Magnolia virginiana,sweetbay,2008,Not Available,
MALLAU,http://www.fs.fed.us/database/feis/plants/shrub/mallau/all.html,Malosma laurina,laurel sumac,1992,Not Available,
MELQUI,http://www.fs.fed.us/database/feis/plants/tree/melqui/all.html,Melaleuca quinquenervia,melaleuca,2005,Not Available,
MENFER,http://www.fs.fed.us/database/feis/plants/shrub/menfer/all.html,Menziesia ferruginea,menziesia,1992,Available,
MIMACUB,http://www.fs.fed.us/database/feis/plants/shrub/mimacub/all.html,Mimosa aculeaticarpa var. biuncifera,wait-a-minute,1990,Available,
MITREP,http://www.fs.fed.us/database/feis/plants/shrub/mitrep/all.html,Mitchella repens,partridgeberry,1993,Available,
MORALB,http://www.fs.fed.us/database/feis/plants/tree/moralb/all.html,Morus alba,white mulberry,2009,Not Available,
MYRCER,http://www.fs.fed.us/database/feis/plants/shrub/myrcer/all.html,Myrica cerifera,wax-myrtle,1991,Not Available,
MYRPEN,http://www.fs.fed.us/database/feis/plants/shrub/myrpen/all.html,Myrica pensylvanica,northern bayberry,2006,Available,
NANDOM,http://www.fs.fed.us/database/feis/plants/shrub/nandom/all.html,Nandina domestica,sacred bamboo,2009,Not Available,
NOLMIC,http://www.fs.fed.us/database/feis/plants/shrub/nolmic/all.html,Nolina microcarpa,sacahuista,2007,Not Available,
OPLHOR,http://www.fs.fed.us/database/feis/plants/shrub/oplhor/all.html,Oplopanax horridus,devil's-club,1993,Available,
PARMIC,http://www.fs.fed.us/database/feis/plants/shrub/parmic/all.html,Parkinsonia microphylla,yellow paloverde,1994,Available,
PAXMYR,http://www.fs.fed.us/database/feis/plants/shrub/paxmyr/all.html,Paxistima myrsinites,Oregon boxwood,1991,Not Available,
PHIHIR,http://www.fs.fed.us/database/feis/plants/shrub/phihir/all.html,Philadelphus hirsutus,hairy mockorange,1994,Not Available,
PHILEW,http://www.fs.fed.us/database/feis/plants/shrub/philew/all.html,Philadelphus lewisii,Lewis' mockorange,1995,Not Available,
PHYMAL,http://www.fs.fed.us/database/feis/plants/shrub/phymal/all.html,Physocarpus malvaceus,ninebark,1992,Available,
PICDES,http://www.fs.fed.us/database/feis/plants/shrub/picdes/all.html,Picrothamnus desertorum,budsage,2003,Not Available,
PICMAR,http://www.fs.fed.us/database/feis/plants/tree/picmar/all.html,Picea mariana,black spruce,2014,Available,
PICMON,http://www.fs.fed.us/database/feis/plants/shrub/picmon/all.html,Pickeringia montana,chaparral pea,1992,Not Available,
PINRIG,http://www.fs.fed.us/database/feis/plants/tree/pinrig/all.html,Pinus rigida,pitch pine,2007,Available,
POTREC,http://www.fs.fed.us/database/feis/plants/forb/potrec/all.html,Potentilla recta,sulfur cinquefoil,2003,Available,
PROGLA,http://www.fs.fed.us/database/feis/plants/tree/progla/all.html,	Prosopis glandulosa	,	honey mesquite	,2001,Available,
PROPUB,http://www.fs.fed.us/database/feis/plants/tree/propub/all.html,Prosopis pubescens,screwbean mesquite,2005,Not Available,
PROVEL,http://www.fs.fed.us/database/feis/plants/tree/provel/all.html,Prosopis velutina,velvet mesquite,1990,Not Available,
PRUAME,http://www.fs.fed.us/database/feis/plants/shrub/pruame/all.html,Prunus americana,American plum,2010,Not Available,
PRUAND,http://www.fs.fed.us/database/feis/plants/shrub/pruand/all.html,Prunus andersonii,desert peach,2007,Not Available,
PRUEMA,http://www.fs.fed.us/database/feis/plants/tree/pruema/all.html,Prunus emarginata,bitter cherry,1995,Available,
PRUFRE,http://www.fs.fed.us/database/feis/plants/shrub/prufre/all.html,Prunus fremontii,desert apricot,1993,Not Available,
PRUILI,http://www.fs.fed.us/database/feis/plants/shrub/pruili/all.html,Prunus ilicifolia,hollyleaf cherry,1990,Not Available,
PRUPEN,http://www.fs.fed.us/database/feis/plants/tree/prupen/all.html,Prunus pensylvanica,pin cherry,2004,Available,
PRUPUM,http://www.fs.fed.us/database/feis/plants/shrub/prupum/all.html,Prunus pumila,sand cherry,2006,Not Available,
PRUVIR,http://www.fs.fed.us/database/feis/plants/tree/pruvir/all.html,Prunus virginiana,chokecherry,2000,Available,
PURGLA,http://www.fs.fed.us/database/feis/plants/shrub/purgla/all.html,Purshia glandulosa,desert bitterbrush,1999,Not Available,
PURMEXS,http://www.fs.fed.us/database/feis/plants/shrub/purmexs/all.html,Purshia mexicana var. stansburiana,Stansbury cliffrose,1995,Not Available,
PURTRI,http://www.fs.fed.us/database/feis/plants/shrub/purtri/all.html,Purshia tridentata,antelope bitterbrush,1999,Available,
QUEAGR,http://www.fs.fed.us/database/feis/plants/tree/queagr/all.html,Quercus agrifolia,coast live oak,2002,Available,
QUEARI,http://www.fs.fed.us/database/feis/plants/tree/queari/all.html,Quercus arizonica,Arizona white oak,1994,Available,
QUECHR,http://www.fs.fed.us/database/feis/plants/tree/quechr/all.html,Quercus chrysolepis,canyon live oak,2008,Available,
QUEEMO,http://www.fs.fed.us/database/feis/plants/tree/queemo/all.html,Quercus emoryi,Emory oak,1994,Available,
QUEGAR,http://www.fs.fed.us/database/feis/plants/tree/quegar/all.html,Quercus garryana,Oregon white oak,2007,Not Available,
QUEGRI,http://www.fs.fed.us/database/feis/plants/tree/quegri/all.html,Quercus grisea,gray oak,1994,Not Available,
QUEHAV,http://www.fs.fed.us/database/feis/plants/shrub/quehav/all.html,Quercus havardii,sand shinnery oak,2006,Not Available,
QUEILI,http://www.fs.fed.us/database/feis/plants/shrub/queili/all.html,Quercus ilicifolia,bear oak,2006,Available,
QUEOBL,http://www.fs.fed.us/database/feis/plants/tree/queobl/all.html,Quercus oblongifolia,Mexican blue oak,1993,Not Available,
QUEPUN,http://www.fs.fed.us/database/feis/plants/tree/quepun/all.html,Quercus pungens,pungent oak,1993,Not Available,
QUESPP2,http://www.fs.fed.us/database/feis/plants/shrub/quespp2/all.html,	Quercus berberidifolia; Q. dumosa	,	California scrub oak; coastal sage scrub oak	,2012,Available,
QUETUR,http://www.fs.fed.us/database/feis/plants/tree/quetur/all.html,Quercus turbinella,Sonoran scrub oak,1999,Available,
QUEVAC,http://www.fs.fed.us/database/feis/plants/shrub/quevac/all.html,Quercus vaccinifolia,huckleberry oak,1992,Not Available,
QUEVIR,http://www.fs.fed.us/database/feis/plants/tree/quevir/all.html,Quercus virginiana var. virginiana,live oak,1992,Not Available,
RHACAL,http://www.fs.fed.us/database/feis/plants/shrub/rhacal/all.html,Rhamnus californica,California coffeeberry,1990,Available,
RHASPP,http://www.fs.fed.us/database/feis/plants/shrub/rhaspp/all.html,	Rhamnus cathartica; R. davurica	,	common buckthorn; European buckthorn	,2011,Available,
RHOCAE,http://www.fs.fed.us/database/feis/plants/shrub/rhocae/all.html,Rhododendron calendulaceum,flame azalea,1994,Available,
RHOMAC,http://www.fs.fed.us/database/feis/plants/shrub/rhomac/all.html,Rhododendron macrophyllum,Pacific rhododendron,1990,Available,
RHOMAX,http://www.fs.fed.us/database/feis/plants/shrub/rhomax/all.html,Rhododendron maximum,great laurel,2008,Available,
RHOPER,http://www.fs.fed.us/database/feis/plants/shrub/rhoper/all.html,Rhododendron periclymenoides,pink azalea,1992,Not Available,
RHUARO,http://www.fs.fed.us/database/feis/plants/shrub/rhuaro/all.html,Rhus aromatica,fragrant sumac,2004,Not Available,
RHUCOP,http://www.fs.fed.us/database/feis/plants/shrub/rhucop/all.html,Rhus copallina,winged sumac,1992,Not Available,
RHUGLA,http://www.fs.fed.us/database/feis/plants/shrub/rhugla/all.html,Rhus glabra,smooth sumac,2000,Available,
RHUMIC,http://www.fs.fed.us/database/feis/plants/shrub/rhumic/all.html,Rhus microphylla,littleleaf sumac,1990,Not Available,
RHUTRI,http://www.fs.fed.us/database/feis/plants/shrub/rhutri/all.html,Rhus trilobata,skunkbush sumac,2004,Available,
RHUTYP,http://www.fs.fed.us/database/feis/plants/tree/rhutyp/all.html,Rhus typhina,staghorn sumac,1994,Not Available,
RIBAME,http://www.fs.fed.us/database/feis/plants/shrub/ribame/all.html,Ribes americanum,American black currant,1995,Not Available,
RIBAUR,http://www.fs.fed.us/database/feis/plants/shrub/ribaur/all.html,Ribes aureum,golden currant,1995,Not Available,
RIBCER,http://www.fs.fed.us/database/feis/plants/shrub/ribcer/all.html,Ribes cereum,wax currant,1995,Available,
RIBLAC,http://www.fs.fed.us/database/feis/plants/shrub/riblac/all.html,Ribes lacustre,bristly black currant,1995,Available,
RIBMON,http://www.fs.fed.us/database/feis/plants/shrub/ribmon/all.html,Ribes montigenum,gooseberry currant,1995,Available,
RIBOXY,http://www.fs.fed.us/database/feis/plants/shrub/riboxy/all.html,Ribes oxyacanthoides,northern gooseberry,1995,Not Available,
RIBROE,http://www.fs.fed.us/database/feis/plants/shrub/ribroe/all.html,Ribes roezlii,Sierra gooseberry,2006,Available,
RIBTRI,http://www.fs.fed.us/database/feis/plants/shrub/ribtri/all.html,Ribes triste,swamp red currant,2006,Not Available,
RIBVEL,http://www.fs.fed.us/database/feis/plants/shrub/ribvel/all.html,Ribes velutinum,desert gooseberry,1995,Not Available,
ROBNEO,http://www.fs.fed.us/database/feis/plants/tree/robneo/all.html,Robinia neomexicana,New Mexico locust,1993,Not Available,
ROSACI,http://www.fs.fed.us/database/feis/plants/shrub/rosaci/all.html,Rosa acicularis,prickly rose,1990,Available,
ROSARK,http://www.fs.fed.us/database/feis/plants/shrub/rosark/all.html,Rosa arkansana,prairie rose,2006,Not Available,
ROSGYM,http://www.fs.fed.us/database/feis/plants/shrub/rosgym/all.html,Rosa gymnocarpa,baldhip rose,1993,Available,
ROSMUL,http://www.fs.fed.us/database/feis/plants/shrub/rosmul/all.html,Rosa multiflora,multiflora rose,2002,Available,
ROSNUT,http://www.fs.fed.us/database/feis/plants/shrub/rosnut/all.html,Rosa nutkana,Nootka rose,1993,Available,
ROSWOO,http://www.fs.fed.us/database/feis/plants/shrub/roswoo/all.html,Rosa woodsii,Wood's rose,2006,Available,
RUBCAN,http://www.fs.fed.us/database/feis/plants/shrub/rubcan/all.html,Rubus canadensis,thornless blackberry,1994,Not Available,
RUBCHA,http://www.fs.fed.us/database/feis/plants/shrub/rubcha/all.html,Rubus chamaemorus,cloudberry,1993,Available,
RUBDIS,http://www.fs.fed.us/database/feis/plants/shrub/rubdis/all.html,Rubus discolor,Himalayan blackberry,1989,Not Available,
RUBIDA,http://www.fs.fed.us/database/feis/plants/shrub/rubida/all.html,Rubus idaeus,red raspberry,1990,Available,
RUBLAC,http://www.fs.fed.us/database/feis/plants/shrub/rublac/all.html,Rubus laciniatus,evergreen blackberry,1989,Not Available,
RUBPAR,http://www.fs.fed.us/database/feis/plants/shrub/rubpar/all.html,Rubus parviflorus,thimbleberry,2012,Available,
RUBPHO,http://www.fs.fed.us/database/feis/plants/shrub/rubpho/all.html,Rubus phoenicolasius,wineberry,2009,Not Available,
RUBSPE,http://www.fs.fed.us/database/feis/plants/shrub/rubspe/all.html,Rubus spectabilis,salmonberry,1989,Not Available,
RUBURS,http://www.fs.fed.us/database/feis/plants/shrub/ruburs/all.html,Rubus ursinus,California blackberry,1989,Available,
SALALA,http://www.fs.fed.us/database/feis/plants/tree/salala/all.html,Salix alaxensis,Alaska willow,2014,Available,
SALARB,http://www.fs.fed.us/database/feis/plants/shrub/salarb/all.html,Salix arbusculoides,littletree willow,1992,Available,
SALBEB,http://www.fs.fed.us/database/feis/plants/tree/salbeb/all.html,Salix bebbiana,Bebb willow,1992,Available,
SALBOO,http://www.fs.fed.us/database/feis/plants/shrub/salboo/all.html,Salix boothii,Booth's willow,1992,Not Available,
SALBRA,http://www.fs.fed.us/database/feis/plants/shrub/salbra/all.html,Salix brachycarpa,small-fruit willow,1993,Not Available,
SALDIS,http://www.fs.fed.us/database/feis/plants/shrub/saldis/all.html,Salix discolor,pussy willow,2007,Not Available,
SALDRU,http://www.fs.fed.us/database/feis/plants/shrub/saldru/all.html,Salix drummondiana,Drummond's willow,1991,Not Available,
SALEXI,http://www.fs.fed.us/database/feis/plants/shrub/salexi/all.html,Salix exigua,narrowleaf willow,2006,Not Available,
SALFUS,http://www.fs.fed.us/database/feis/plants/shrub/salfus/all.html,Salix fuscescens,Alaska bog willow,1993,Not Available,
SALGEY,http://www.fs.fed.us/database/feis/plants/shrub/salgey/all.html,Salix geyeriana,Geyer's willow,1991,Not Available,
SALGLA,http://www.fs.fed.us/database/feis/plants/tree/salgla/all.html,Salix glauca,grayleaf willow,1992,Available,
SALGOO,http://www.fs.fed.us/database/feis/plants/tree/salgoo/all.html,Salix gooddingii,Goodding's black willow,1993,Not Available,
SALHAS,http://www.fs.fed.us/database/feis/plants/shrub/salhas/all.html,Salix hastata,Halberd willow,1992,Not Available,
SALLEM,http://www.fs.fed.us/database/feis/plants/shrub/sallem/all.html,Salix lemmonii,Lemmon's willow,1989,Not Available,
SALMEL,http://www.fs.fed.us/database/feis/plants/shrub/salmel/all.html,Salvia mellifera,black sage,1990,Not Available,
SALMEX,http://www.fs.fed.us/database/feis/plants/shrub/salmex/all.html,Salazaria mexicana,bladdersage,1994,Not Available,
SALMOT,http://www.fs.fed.us/database/feis/plants/shrub/salmot/all.html,Salix monticola,mountain willow,1992,Not Available,
SALMYR,http://www.fs.fed.us/database/feis/plants/shrub/salmyr/all.html,Salix myrtillifolia,blueberry willow,1992,Not Available,
SALNIG,http://www.fs.fed.us/database/feis/plants/tree/salnig/all.html,Salix nigra,black willow,1992,Not Available,
SALPLA,http://www.fs.fed.us/database/feis/plants/shrub/salpla/all.html,Salix planifolia,planeleaf willow,1991,Not Available,
SALPUL,http://www.fs.fed.us/database/feis/plants/shrub/salpul/all.html,Salix pulchra,diamondleaf willow,1991,Available,
SALRIC,http://www.fs.fed.us/database/feis/plants/shrub/salric/all.html,Salix richardsonii,Richardson's willow,1992,Not Available,
SAMNIGC,http://www.fs.fed.us/database/feis/plants/shrub/samnigc/all.html,Sambucus nigra subsp. cerulea,blue elderberry,1989,Available,
SAMRAC,http://www.fs.fed.us/database/feis/plants/shrub/samrac/all.html,	Sambucus racemosa	,	red elderberry	,2008,Available,
SAPSAPD,http://www.fs.fed.us/database/feis/plants/tree/sapsapd/all.html,Sapindus saponaria var. drummond,western soapberry,1990,Not Available,
SARVER,http://www.fs.fed.us/database/feis/plants/shrub/sarver/all.html,Sarcobatus vermiculatus,black greasewood,2004,Not Available,
SASALB,http://www.fs.fed.us/database/feis/plants/tree/sasalb/all.html,Sassafras albidum,sassafras,1993,Available,
SCHTER,http://www.fs.fed.us/database/feis/plants/shrub/schter/all.html,Schinus terebinthifolius,Brazilian pepper,2011,Not Available,
SERREP,http://www.fs.fed.us/database/feis/plants/shrub/serrep/all.html,Serenoa repens,saw-palmetto,1991,Available,
SHEARG,http://www.fs.fed.us/database/feis/plants/shrub/shearg/all.html,Shepherdia argentea,silver buffaloberry,1995,Not Available,
SHECAN,http://www.fs.fed.us/database/feis/plants/shrub/shecan/all.html,Shepherdia canadensis,russet buffaloberry,1991,Available,
SIMCHI,http://www.fs.fed.us/database/feis/plants/shrub/simchi/all.html,Simmondsia chinensis,jojoba,1994,Not Available,
SMIBON,http://www.fs.fed.us/database/feis/plants/vine/smibon/all.html,Smilax bona-nox,saw greenbrier,1994,Available,
SOLDUL,http://www.fs.fed.us/database/feis/plants/shrub/soldul/all.html,Solanum dulcamara,bittersweet nightshade,2009,Not Available,
SOLVIA,http://www.fs.fed.us/database/feis/plants/forb/solvia/all.html,Solanum viarum,tropical soda apple,2009,Not Available,
SOPSEC,http://www.fs.fed.us/database/feis/plants/tree/sopsec/all.html,Sophora secundiflora,mescalbean sophora,1990,Available,
SORAME,http://www.fs.fed.us/database/feis/plants/tree/sorame/all.html,Sorbus americana,American mountain-ash,1992,Not Available,
SORSIT,http://www.fs.fed.us/database/feis/plants/shrub/sorsit/all.html,Sorbus sitchensis,Sitka mountain-ash,1993,Available,
SPAJUN,http://www.fs.fed.us/database/feis/plants/shrub/spajun/all.html,Spartium junceum,Spanish broom,2005,Not Available,
SPHGRO,http://www.fs.fed.us/database/feis/plants/forb/sphgro/all.html,Sphaeralcea grossulariifolia,gooseberryleaf globemallow,2007,Not Available,
SPIBET,http://www.fs.fed.us/database/feis/plants/shrub/spibet/all.html,Spiraea betulifolia,white spirea,1991,Available,
SPIDOU,http://www.fs.fed.us/database/feis/plants/shrub/spidou/all.html,Spiraea douglasii,Douglas' spirea,1995,Not Available,
SYMALB,http://www.fs.fed.us/database/feis/plants/shrub/symalb/all.html,Symphoricarpos albus,common snowberry,2000,Available,
SYMLON,http://www.fs.fed.us/database/feis/plants/shrub/symlon/all.html,Symphoricarpos longiflorus,longflower snowberry,2005,Not Available,
SYMMOL,http://www.fs.fed.us/database/feis/plants/shrub/symmol/all.html,Symphoricarpos mollis,creeping snowberry,1991,Available,
SYMOCC,http://www.fs.fed.us/database/feis/plants/shrub/symocc/all.html,Symphoricarpos occidentalis,western snowberry,2007,Available,
SYMORE,http://www.fs.fed.us/database/feis/plants/shrub/symore/all.html,Symphoricarpos oreophilus,mountain snowberry,1999,Available,
TAMSPP,http://www.fs.fed.us/database/feis/plants/tree/tamspp/all.html,	Tamarix chinensis; T. gallica; T. parviflora; T. ramosissima	,	tamarisk; French tamarisk; small-flowered tamarisk; saltcedar	,2003,Not Available,
TAXBRE,http://www.fs.fed.us/database/feis/plants/tree/taxbre/all.html,Taxus brevifolia,Pacific yew,1990,Available,
TAXCAN,http://www.fs.fed.us/database/feis/plants/shrub/taxcan/all.html,Taxus candensis,Canada yew,1993,Not Available,
TAXFLO,http://www.fs.fed.us/database/feis/plants/tree/taxflo/all.html,Taxus floridana,Florida yew,1993,Not Available,
TETCAN,http://www.fs.fed.us/database/feis/plants/shrub/tetcan/all.html,Tetradymia canescens,gray horsebrush,2001,Not Available,
TETGLA,http://www.fs.fed.us/database/feis/plants/shrub/tetgla/all.html,Tetradymia glabrata,littleleaf horsebrush,2002,Not Available,
TETNUT,http://www.fs.fed.us/database/feis/plants/shrub/tetnut/all.html,Tetradymia nuttallii,Nuttall's horsebrush,2002,Not Available,
TETSPI,http://www.fs.fed.us/database/feis/plants/shrub/tetspi/all.html,Tetradymia spinosa,spiny horsebrush,2002,Not Available,
THAMON,http://www.fs.fed.us/database/feis/plants/shrub/thamon/all.html,Thamnosma montana,Mojave desertrue,1994,Not Available,
TOXDIV,http://www.fs.fed.us/database/feis/plants/vine/toxdiv/all.html,Toxicodendron diversilobum,Pacific poison-oak,1994,Available,
TOXPUB,http://www.fs.fed.us/database/feis/plants/shrub/toxpub/all.html,Toxicodendron pubescens,Atlantic poison-oak,1994,Not Available,
TOXSPP,http://www.fs.fed.us/database/feis/plants/shrub/toxspp/all.html,	Toxicodendron radicans; T. rydbergii	,	eastern poison-ivy; western poison-ivy	,2012,Available,
ULEEUR,http://www.fs.fed.us/database/feis/plants/shrub/uleeur/all.html,Ulex europaeus,gorse,2006,Not Available,
UMBCAL,http://www.fs.fed.us/database/feis/plants/tree/umbcal/all.html,Umbellularia californica,California bay,1992,Not Available,
UNGSPE,http://www.fs.fed.us/database/feis/plants/tree/ungspe/all.html,Ungnadia speciosa,Mexican buckeye,1990,Available,
VACALA,http://www.fs.fed.us/database/feis/plants/shrub/vacala/all.html,Vaccinium alaskensis,Alaska blueberry,1992,Not Available,
VACANG,http://www.fs.fed.us/database/feis/plants/shrub/vacang/all.html,Vaccinium angustifolium,low sweet blueberry,1991,Available,
VACARB,http://www.fs.fed.us/database/feis/plants/shrub/vacarb/all.html,Vaccinium arboreum,tree sparkleberry,1991,Not Available,
VACCAE,http://www.fs.fed.us/database/feis/plants/shrub/vaccae/all.html,Vaccinium caespitosum,dwarf bilberry,1990,Available,
VACCOR,http://www.fs.fed.us/database/feis/plants/shrub/vaccor/all.html,Vaccinium corymbosum,highbush blueberry,1993,Not Available,
VACMEM,http://www.fs.fed.us/database/feis/plants/shrub/vacmem/all.html,Vaccinium membranaceum,big huckleberry,2000,Available,
VACMYR,http://www.fs.fed.us/database/feis/plants/shrub/vacmyr/all.html,Vaccinium myrtillus,dwarf bilberry,1990,Available,
VACMYS,http://www.fs.fed.us/database/feis/plants/shrub/vacmys/all.html,Vaccinium myrsinites,ground blueberry,1990,Not Available,
VACMYT,http://www.fs.fed.us/database/feis/plants/shrub/vacmyt/all.html,Vaccinium myrtilloides,velvetleaf blueberry,1990,Available,
VACOVA,http://www.fs.fed.us/database/feis/plants/shrub/vacova/all.html,Vaccinium ovatum,evergreen huckleberry,1990,Available,
VACOVL,http://www.fs.fed.us/database/feis/plants/shrub/vacovl/all.html,Vaccinium ovalifolium,ovalleaf huckleberry,1990,Available,
VACOXY,http://www.fs.fed.us/database/feis/plants/shrub/vacoxy/all.html,Vaccinium oxycoccos,bog cranberry,1992,Available,
VACPAL,http://www.fs.fed.us/database/feis/plants/shrub/vacpal/all.html,Vaccinium pallidum,hillside blueberry,1991,Available,
VACPAR,http://www.fs.fed.us/database/feis/plants/shrub/vacpar/all.html,Vaccinium parvifolium,red huckleberry,1990,Available,
VACSCO,http://www.fs.fed.us/database/feis/plants/shrub/vacsco/all.html,Vaccinium scoparium,grouse whortleberry,2001,Not Available,
VACULI,http://www.fs.fed.us/database/feis/plants/shrub/vaculi/all.html,Vaccinium uliginosum,bog blueberry,1992,Available,
VACVIT,http://www.fs.fed.us/database/feis/plants/shrub/vacvit/all.html,Vaccinium vitis-idaea,mountain cranberry,1991,Available,
VIBACE,http://www.fs.fed.us/database/feis/plants/shrub/vibace/all.html,Viburnum acerifolium,mapleleaf viburnum,1993,Not Available,
VIBEDU,http://www.fs.fed.us/database/feis/plants/shrub/vibedu/all.html,Viburnum edule,highbush cranberry,1992,Available,
YUCBAC,http://www.fs.fed.us/database/feis/plants/shrub/yucbac/all.html,Yucca baccata,banana yucca,2005,Not Available,
YUCBRE,http://www.fs.fed.us/database/feis/plants/tree/yucbre/all.html,Yucca brevifolia,Joshua tree,2006,Not Available,
YUCELA,http://www.fs.fed.us/database/feis/plants/tree/yucela/all.html,Yucca elata,soaptree yucca,2001,Available,
YUCGLA,http://www.fs.fed.us/database/feis/plants/shrub/yucgla/all.html,Yucca glauca,soapweed yucca,2005,Not Available,
YUCSCH,http://www.fs.fed.us/database/feis/plants/shrub/yucsch/all.html,Yucca schidigera,Mojave yucca,2006,Not Available,
ZIZOBT,http://www.fs.fed.us/database/feis/plants/shrub/zizobt/all.html,Ziziphus obtusifolia,lotebush,1993,Available,
ZUCBRA,http://www.fs.fed.us/database/feis/plants/shrub/zucbra/all.html,Zuckia brandegeei,siltbush,2008,Not Available,
