Results for: (Life form = Tree ) 
Acronym,Link,Scientific Name,Common Name,Review Date,Fire Study Availability
ABIAMA,http://www.fs.fed.us/database/feis/plants/tree/abiama/all.html,Abies amabilis,Pacific silver fir,1992,Not Available,
ABIBAL,http://www.fs.fed.us/database/feis/plants/tree/abibal/all.html,Abies balsamea,balsam fir,1991,Not Available,
ABIBRA,http://www.fs.fed.us/database/feis/plants/tree/abibra/all.html,Abies bracteata,bristlecone fir,1993,Not Available,
ABICON,http://www.fs.fed.us/database/feis/plants/tree/abicon/all.html,Abies concolor,white fir,2001,Available,
ABIFRA,http://www.fs.fed.us/database/feis/plants/tree/abifra/all.html,Abies fraseri,Fraser fir,1993,Not Available,
ABIGRA,http://www.fs.fed.us/database/feis/plants/tree/abigra/all.html,Abies grandis,grand fir,2000,Available,
ABILAS,http://www.fs.fed.us/database/feis/plants/tree/abilas/all.html,Abies lasiocarpa,subalpine fir,1991,Not Available,
ABIMAG,http://www.fs.fed.us/database/feis/plants/tree/abimag/all.html,Abies magnifica,California red fir,1993,Not Available,
ABIPRO,http://www.fs.fed.us/database/feis/plants/tree/abipro/all.html,Abies procera,noble fir,1993,Not Available,
ACACON,http://www.fs.fed.us/database/feis/plants/shrub/acacon/all.html,Acacia constricta,whitethorn acacia,2004,Available,
ACAGRE,http://www.fs.fed.us/database/feis/plants/shrub/acagre/all.html,Acacia greggii,catclaw acacia,2005,Not Available,
ACECIR,http://www.fs.fed.us/database/feis/plants/shrub/acecir/all.html,Acer circinatum,vine maple,1989,Available,
ACEGLA,http://www.fs.fed.us/database/feis/plants/shrub/acegla/all.html,Acer glabrum,Rocky Mountain maple,2001,Available,
ACEGRA,http://www.fs.fed.us/database/feis/plants/tree/acegra/all.html,Acer grandidentatum,bigtooth maple,2006,Not Available,
ACEMAC,http://www.fs.fed.us/database/feis/plants/tree/acemac/all.html,Acer macrophyllum,bigleaf maple,2011,Available,
ACENEG,http://www.fs.fed.us/database/feis/plants/tree/aceneg/all.html,Acer negundo,boxelder,1988,Available,
ACEPEN,http://www.fs.fed.us/database/feis/plants/tree/acepen/all.html,Acer pensylvanicum,striped maple,1993,Available,
ACEPLA,http://www.fs.fed.us/database/feis/plants/tree/acepla/all.html,Acer platanoides,Norway maple,2003,Not Available,
ACERUB,http://www.fs.fed.us/database/feis/plants/tree/acerub/all.html,Acer rubrum,red maple,1991,Available,
ACESAC,http://www.fs.fed.us/database/feis/plants/tree/acesac/all.html,Acer saccharum,sugar maple,1991,Available,
ACESAH,http://www.fs.fed.us/database/feis/plants/tree/acesah/all.html,Acer saccharinum,silver maple,1994,Not Available,
ACESPI,http://www.fs.fed.us/database/feis/plants/shrub/acespi/all.html,Acer spicatum,mountain maple,1993,Not Available,
AESCAL,http://www.fs.fed.us/database/feis/plants/tree/aescal/all.html,Aesculus californica,California buckeye,1992,Not Available,
AILALT,http://www.fs.fed.us/database/feis/plants/tree/ailalt/all.html,Ailanthus altissima,tree-of-heaven,2010,Not Available,
ALBJUL,http://www.fs.fed.us/database/feis/plants/tree/albjul/all.html,Albizia julibrissin,mimosa,2010,Not Available,
ALNINC,http://www.fs.fed.us/database/feis/plants/tree/alninc/all.html,Alnus incana,gray alder,2011,Available,
ALNRHO,http://www.fs.fed.us/database/feis/plants/tree/alnrho/all.html,Alnus rhombifolia,white alder,2014,Not Available,
ALNRUB,http://www.fs.fed.us/database/feis/plants/tree/alnrub/all.html,Alnus rubra,red alder,1989,Not Available,
ALNVIRC,http://www.fs.fed.us/database/feis/plants/shrub/alnvirc/all.html,Alnus viridis subsp. crispa,American green alder,1992,Available,
ALNVIRS,http://www.fs.fed.us/database/feis/plants/shrub/alnvirs/all.html,Alnus viridis subsp. sinuata,Sitka alder,1989,Available,
AMEARB,http://www.fs.fed.us/database/feis/plants/tree/amearb/all.html,Amelanchier arborea,downy serviceberry,1992,Available,
ARASPI,http://www.fs.fed.us/database/feis/plants/tree/araspi/all.html,Aralia spinosa,Devil's walking stick,1992,Not Available,
ARBARI,http://www.fs.fed.us/database/feis/plants/tree/arbari/all.html,Arbutus arizonica,Arizona madrone,1993,Not Available,
ARBMEN,http://www.fs.fed.us/database/feis/plants/tree/arbmen/all.html,Arbutus menziesii,Pacific madrone,2007,Available,
ARBXAL,http://www.fs.fed.us/database/feis/plants/tree/arbxal/all.html,Arbutus xalapensis,Texas madrone,1990,Not Available,
ASITRI,http://www.fs.fed.us/database/feis/plants/tree/asitri/all.html,Asimina triloba,pawpaw,1993,Not Available,
BETALL,http://www.fs.fed.us/database/feis/plants/tree/betall/all.html,Betula alleghaniensis,yellow birch,1994,Not Available,
BETNIG,http://www.fs.fed.us/database/feis/plants/tree/betnig/all.html,Betula nigra,river birch,1993,Not Available,
BETOCC,http://www.fs.fed.us/database/feis/plants/tree/betocc/all.html,Betula occidentalis,water birch,2012,Not Available,
BETPAP,http://www.fs.fed.us/database/feis/plants/tree/betpap/all.html,Betula papyrifera,paper birch,1991,Available,
BETPOP,http://www.fs.fed.us/database/feis/plants/tree/betpop/all.html,Betula populifolia,gray birch,1992,Not Available,
CALDEC,http://www.fs.fed.us/database/feis/plants/tree/caldec/all.html,Calocedrus decurrens,incense-cedar,2008,Available,
CARCAR,http://www.fs.fed.us/database/feis/plants/tree/carcar/all.html,Carpinus caroliniana,American hornbeam,1994,Available,
CARCOR,http://www.fs.fed.us/database/feis/plants/tree/carcor/all.html,Carya cordiformis,bitternut hickory,1992,Available,
CARGLA,http://www.fs.fed.us/database/feis/plants/tree/cargla/all.html,Carya glabra,pignut hickory,1991,Not Available,
CARILL,http://www.fs.fed.us/database/feis/plants/tree/carill/all.html,Carya illinoinensis,pecan,1992,Not Available,
CAROVA,http://www.fs.fed.us/database/feis/plants/tree/carova/all.html,Carya ovata,shagbark hickory,1991,Available,
CARTOM,http://www.fs.fed.us/database/feis/plants/tree/cartom/all.html,Carya tomentosa,mockernut hickory,1992,Not Available,
CASPUM,http://www.fs.fed.us/database/feis/plants/tree/caspum/all.html,Castanea pumila,Allegheny chinkapin,1994,Not Available,
CASSPP,http://www.fs.fed.us/database/feis/plants/tree/casspp/all.html,	Casuarina cunninghamiana; C. equisetifolia; C. glauca	,	river sheoak; Australian-pine; gray sheoak	,1992,Not Available,
CELLAE,http://www.fs.fed.us/database/feis/plants/tree/cellae/all.html,Celtis laevigata,sugarberry,1993,Not Available,
CELOCC,http://www.fs.fed.us/database/feis/plants/tree/celocc/all.html,Celtis occidentalis,hackberry,2011,Available,
CELRET,http://www.fs.fed.us/database/feis/plants/tree/celret/all.html,Celtis reticulata,netleaf hackberry,1990,Available,
CEPOCC,http://www.fs.fed.us/database/feis/plants/shrub/cepocc/all.html,Cephalanthus occidentalis,buttonbush,1991,Not Available,
CERCAN,http://www.fs.fed.us/database/feis/plants/tree/cercan/all.html,Cercis canadensis,eastern redbud,1994,Available,
CERLED,http://www.fs.fed.us/database/feis/plants/tree/cerled/all.html,Cercocarpus ledifolius,curlleaf mountain-mahogany,2006,Not Available,
CERMON,http://www.fs.fed.us/database/feis/plants/shrub/cermon/all.html,Cercocarpus montanus,true mountain-mahogany,2006,Available,
CERORB,http://www.fs.fed.us/database/feis/plants/shrub/cerorb/all.html,Cercis orbiculata,California redbud,2006,Not Available,
CHALAW,http://www.fs.fed.us/database/feis/plants/tree/chalaw/all.html,Chamaecyparis lawsoniana,Port-Orford-cedar,1990,Not Available,
CHANOO,http://www.fs.fed.us/database/feis/plants/tree/chanoo/all.html,Chamaecyparis nootkatensis,Alaska-cedar,1992,Available,
CHATHY,http://www.fs.fed.us/database/feis/plants/tree/chathy/all.html,Chamaecyparis thyoides,Atlantic white-cedar,1991,Not Available,
CHILIN,http://www.fs.fed.us/database/feis/plants/shrub/chilin/all.html,Chilopsis linearis,desert willow,1990,Not Available,
CHRCHR,http://www.fs.fed.us/database/feis/plants/tree/chrchr/all.html,Chrysolepis chrysophylla,giant chinquapin,2012,Available,
CORALT,http://www.fs.fed.us/database/feis/plants/shrub/coralt/all.html,Cornus alternifolia,alternate-leaf dogwood,1994,Not Available,
CORCOR,http://www.fs.fed.us/database/feis/plants/shrub/corcor/all.html,	Corylus cornuta	,	beaked hazelnut	,2007,Available,
CORFLO,http://www.fs.fed.us/database/feis/plants/shrub/corflo/all.html,Cornus florida,flowering dogwood,1991,Available,
CORNUT,http://www.fs.fed.us/database/feis/plants/tree/cornut/all.html,Cornus nuttallii,Pacific dogwood,2005,Available,
CORRAC,http://www.fs.fed.us/database/feis/plants/tree/corrac/all.html,Cornus racemosa,gray dogwood,1993,Available,
CORSER,http://www.fs.fed.us/database/feis/plants/shrub/corser/all.html,Cornus sericea,red-osier dogwood,2012,Available,
CRADOU,http://www.fs.fed.us/database/feis/plants/shrub/cradou/all.html,Crataegus douglasii,Douglas hawthorn,1991,Available,
CYRRAC,http://www.fs.fed.us/database/feis/plants/shrub/cyrrac/all.html,Cyrilla racemiflora,cyrilla,1992,Not Available,
DIOTEX,http://www.fs.fed.us/database/feis/plants/tree/diotex/all.html,Diospyros texana,Texas persimmon,1994,Available,
DIOVIR,http://www.fs.fed.us/database/feis/plants/tree/diovir/all.html,Diospyros virginiana,common persimmon,1992,Not Available,
ELAANG,http://www.fs.fed.us/database/feis/plants/tree/elaang/all.html,Elaeagnus angustifolia,Russian-olive,2005,Not Available,
ELAUMB,http://www.fs.fed.us/database/feis/plants/shrub/elaumb/all.html,Elaeagnus umbellata,autumn-olive,2003,Not Available,
EUCGLO,http://www.fs.fed.us/database/feis/plants/tree/eucglo/all.html,Eucalyptus globulus,bluegum eucalyptus,1993,Not Available,
FAGGRA,http://www.fs.fed.us/database/feis/plants/tree/faggra/all.html,Fagus grandifolia,American beech,1991,Not Available,
FRAALN,http://www.fs.fed.us/database/feis/plants/shrub/fraaln/all.html,Frangula alnus,glossy buckthorn,2008,Available,
FRAAME,http://www.fs.fed.us/database/feis/plants/tree/fraame/all.html,Fraxinus americana,white ash,1991,Available,
FRAANO,http://www.fs.fed.us/database/feis/plants/shrub/fraano/all.html,Fraxinus anomala,singleleaf ash,1993,Not Available,
FRANIG,http://www.fs.fed.us/database/feis/plants/tree/franig/all.html,Fraxinus nigra,black ash,2005,Not Available,
FRAPEN,http://www.fs.fed.us/database/feis/plants/tree/frapen/all.html,Fraxinus pennsylvanica,green ash,2005,Available,
FRAPUR,http://www.fs.fed.us/database/feis/plants/shrub/frapur/all.html,Frangula purshiana,cascara,1992,Not Available,
FRECAL,http://www.fs.fed.us/database/feis/plants/shrub/frecal/all.html,Fremontodendron californicum,flannelbush,1993,Not Available,
GLETRI,http://www.fs.fed.us/database/feis/plants/tree/gletri/all.html,Gleditsia triacanthos,honey-locust,1994,Not Available,
GORLAS,http://www.fs.fed.us/database/feis/plants/tree/gorlas/all.html,Gordonia lasianthus,loblolly-bay,1992,Not Available,
HAMVIR,http://www.fs.fed.us/database/feis/plants/tree/hamvir/all.html,Hamamelis virginiana,witch-hazel,1993,Available,
HESARI,http://www.fs.fed.us/database/feis/plants/tree/hesari/all.html,Hesperocyparis arizonica,	Arizona cypress	,1993,Not Available,
HESBAK,http://www.fs.fed.us/database/feis/plants/tree/hesbak/all.html,Hesperocyparis bakeri,Baker cypress,1994,Not Available,
HESFOR,http://www.fs.fed.us/database/feis/plants/tree/hesfor/all.html,Hesperocyparis forbesii,Tecate cypress,1994,Not Available,
HESGOV,http://www.fs.fed.us/database/feis/plants/tree/hesgov/all.html,Hesperocyparis goveniana,Gowen cypress,1994,Not Available,
HESMAC,http://www.fs.fed.us/database/feis/plants/tree/hesmac/all.html,Hesperocyparis macrocarpa,Monterey cypress,1994,Not Available,
HESMAN,http://www.fs.fed.us/database/feis/plants/tree/hesman/all.html,Hesperocyparis macnabiana,MacNab cypress,1994,Not Available,
HESSAR,http://www.fs.fed.us/database/feis/plants/tree/hessar/all.html,Hesperocyparis sargentii,Sargent cypress,1994,Not Available,
ILEAMB,http://www.fs.fed.us/database/feis/plants/shrub/ileamb/all.html,Ilex ambigua,Carolina holly,1994,Not Available,
ILECOR,http://www.fs.fed.us/database/feis/plants/shrub/ilecor/all.html,Ilex coriacea,large gallberry,1991,Not Available,
ILEDEC,http://www.fs.fed.us/database/feis/plants/tree/iledec/all.html,Ilex decidua,deciduous holly,1993,Available,
ILEOPA,http://www.fs.fed.us/database/feis/plants/tree/ileopa/all.html,Ilex opaca,American holly,1991,Not Available,
ILEVOM,http://www.fs.fed.us/database/feis/plants/shrub/ilevom/all.html,Ilex vomitoria,yaupon,1992,Not Available,
JUGCAL,http://www.fs.fed.us/database/feis/plants/tree/jugcal/all.html,Juglans californica,southern California walnut,1993,Not Available,
JUGCIN,http://www.fs.fed.us/database/feis/plants/tree/jugcin/all.html,Juglans cinerea,butternut,1991,Not Available,
JUGMAJ,http://www.fs.fed.us/database/feis/plants/tree/jugmaj/all.html,Juglans major,Arizona walnut,1993,Not Available,
JUGMIC,http://www.fs.fed.us/database/feis/plants/tree/jugmic/all.html,Juglans microcarpa,little walnut,1990,Not Available,
JUGNIG,http://www.fs.fed.us/database/feis/plants/tree/jugnig/all.html,Juglans nigra,black walnut,1991,Not Available,
JUNASH,http://www.fs.fed.us/database/feis/plants/tree/junash/all.html,Juniperus ashei,Ashe juniper,1993,Available,
JUNCAL,http://www.fs.fed.us/database/feis/plants/tree/juncal/all.html,Juniperus californica,California juniper,1992,Not Available,
JUNCOA,http://www.fs.fed.us/database/feis/plants/tree/juncoa/all.html,Juniperus coahuilensis,redberry juniper,1993,Not Available,
JUNCOM,http://www.fs.fed.us/database/feis/plants/shrub/juncom/all.html,Juniperus communis,common juniper,1999,Available,
JUNDEP,http://www.fs.fed.us/database/feis/plants/tree/jundep/all.html,Juniperus deppeana,alligator juniper,1999,Available,
JUNFLA,http://www.fs.fed.us/database/feis/plants/tree/junfla/all.html,Juniperus flaccida,drooping juniper,2007,Not Available,
JUNMON,http://www.fs.fed.us/database/feis/plants/tree/junmon/all.html,Juniperus monosperma,oneseed juniper,2002,Not Available,
JUNOCC,http://www.fs.fed.us/database/feis/plants/tree/junocc/all.html,Juniperus occidentalis,western juniper,1999,Available,
JUNOST,http://www.fs.fed.us/database/feis/plants/tree/junost/all.html,Juniperus osteosperma,Utah juniper,1999,Available,
JUNPIN,http://www.fs.fed.us/database/feis/plants/tree/junpin/all.html,Juniperus pinchotii,Pinchot juniper,2007,Available,
JUNSCO,http://www.fs.fed.us/database/feis/plants/tree/junsco/all.html,Juniperus scopulorum,Rocky Mountain juniper,2002,Available,
JUNVIR,http://www.fs.fed.us/database/feis/plants/tree/junvir/all.html,Juniperus virginiana,eastern redcedar,2003,Available,
KALLAT,http://www.fs.fed.us/database/feis/plants/shrub/kallat/all.html,Kalmia latifolia,mountain-laurel,2005,Available,
LARDEC,http://www.fs.fed.us/database/feis/plants/tree/lardec/all.html,Larix decidua,European larch,1994,Not Available,
LARLAR,http://www.fs.fed.us/database/feis/plants/tree/larlar/all.html,Larix laricina,tamarack,1991,Available,
LARLYA,http://www.fs.fed.us/database/feis/plants/tree/larlya/all.html,Larix lyallii,alpine larch,1991,Not Available,
LAROCC,http://www.fs.fed.us/database/feis/plants/tree/larocc/all.html,Larix occidentalis,western larch,2002,Available,
LIGSPP,http://www.fs.fed.us/database/feis/plants/shrub/ligspp/all.html,	Ligustrum amurense; L. japonicum; L. sinense; L. vulgare	,	Amur privet; Japanese privet; Chinese privet; European privet	,2003,Not Available,
LIQSTY,http://www.fs.fed.us/database/feis/plants/tree/liqsty/all.html,Liquidambar styraciflua,sweetgum,1992,Not Available,
LIRTUL,http://www.fs.fed.us/database/feis/plants/tree/lirtul/all.html,Liriodendron tulipifera,yellow-poplar,1991,Available,
LITDEN,http://www.fs.fed.us/database/feis/plants/tree/litden/all.html,Lithocarpus densiflorus,tanoak,2008,Available,
MACPOM,http://www.fs.fed.us/database/feis/plants/tree/macpom/all.html,Maclura pomifera,osage-orange,1994,Not Available,
MAGGRA,http://www.fs.fed.us/database/feis/plants/tree/maggra/all.html,Magnolia grandiflora,southern magnolia,1991,Not Available,
MAGVIR,http://www.fs.fed.us/database/feis/plants/tree/magvir/all.html,Magnolia virginiana,sweetbay,2008,Not Available,
MELAZE,http://www.fs.fed.us/database/feis/plants/tree/melaze/all.html,Melia azedarach,chinaberry,2009,Available,
MELQUI,http://www.fs.fed.us/database/feis/plants/tree/melqui/all.html,Melaleuca quinquenervia,melaleuca,2005,Not Available,
MORALB,http://www.fs.fed.us/database/feis/plants/tree/moralb/all.html,Morus alba,white mulberry,2009,Not Available,
MORRUB,http://www.fs.fed.us/database/feis/plants/tree/morrub/all.html,Morus rubra,red mulberry,1993,Not Available,
MYRCER,http://www.fs.fed.us/database/feis/plants/shrub/myrcer/all.html,Myrica cerifera,wax-myrtle,1991,Not Available,
NYSSYL,http://www.fs.fed.us/database/feis/plants/tree/nyssyl/all.html,Nyssa sylvatica,black tupelo,1992,Available,
OSTKNO,http://www.fs.fed.us/database/feis/plants/tree/ostkno/all.html,Ostrya knowltonii,Knowlton hophornbeam,1994,Not Available,
OSTVIR,http://www.fs.fed.us/database/feis/plants/tree/ostvir/all.html,Ostrya virginiana,eastern hophornbeam,1992,Available,
OXYARB,http://www.fs.fed.us/database/feis/plants/tree/oxyarb/all.html,Oxydendrum arboreum,sourwood,1992,Available,
PARFLO,http://www.fs.fed.us/database/feis/plants/tree/parflo/all.html,Parkinsonia florida,blue paloverde,1994,Not Available,
PARMIC,http://www.fs.fed.us/database/feis/plants/shrub/parmic/all.html,Parkinsonia microphylla,yellow paloverde,1994,Available,
PAUTOM,http://www.fs.fed.us/database/feis/plants/tree/pautom/all.html,Paulownia tomentosa,princesstree,2009,Not Available,
PERBOR,http://www.fs.fed.us/database/feis/plants/tree/perbor/all.html,Persea borbonia,redbay,1991,Not Available,
PICABI,http://www.fs.fed.us/database/feis/plants/tree/picabi/all.html,Picea abies,Norway spruce,1994,Not Available,
PICBRE,http://www.fs.fed.us/database/feis/plants/tree/picbre/all.html,Picea breweriana,Brewer spruce,1992,Not Available,
PICENG,http://www.fs.fed.us/database/feis/plants/tree/piceng/all.html,Picea engelmannii,Engelmann spruce,1991,Available,
PICGLA,http://www.fs.fed.us/database/feis/plants/tree/picgla/all.html,Picea glauca,white spruce,1991,Available,
PICMAR,http://www.fs.fed.us/database/feis/plants/tree/picmar/all.html,Picea mariana,black spruce,2014,Available,
PICPUN,http://www.fs.fed.us/database/feis/plants/tree/picpun/all.html,Picea pungens,blue spruce,1993,Not Available,
PICRUB,http://www.fs.fed.us/database/feis/plants/tree/picrub/all.html,Picea rubens,red spruce,1993,Not Available,
PICSIT,http://www.fs.fed.us/database/feis/plants/tree/picsit/all.html,Picea sitchensis,Sitka spruce,1992,Not Available,
PINALB,http://www.fs.fed.us/database/feis/plants/tree/pinalb/all.html,Pinus albicaulis,whitebark pine,2002,Available,
PINARI,http://www.fs.fed.us/database/feis/plants/tree/pinari/all.html,Pinus aristata,Rocky Mountain bristlecone pine,2004,Not Available,
PINATT,http://www.fs.fed.us/database/feis/plants/tree/pinatt/all.html,Pinus attenuata,knobcone pine,1992,Not Available,
PINBAL,http://www.fs.fed.us/database/feis/plants/tree/pinbal/all.html,Pinus balfouriana,foxtail pine,2004,Not Available,
PINBAN,http://www.fs.fed.us/database/feis/plants/tree/pinban/all.html,Pinus banksiana,jack pine,1993,Available,
PINCEM,http://www.fs.fed.us/database/feis/plants/tree/pincem/all.html,Pinus cembroides,Mexican pinyon,1994,Not Available,
PINCLA,http://www.fs.fed.us/database/feis/plants/tree/pincla/all.html,	Pinus clausa	,	sand pine	,1992,Not Available,
PINCONC,http://www.fs.fed.us/database/feis/plants/tree/pinconc/all.html,Pinus contorta var. contorta,shore pine,1993,Not Available,
PINCONL,http://www.fs.fed.us/database/feis/plants/tree/pinconl/all.html,Pinus contorta var. latifolia,Rocky Mountain lodgepole pine,2003,Available,
PINCONM,http://www.fs.fed.us/database/feis/plants/tree/pinconm/all.html,Pinus contorta var. murrayana,Sierra lodgepole pine,1993,Not Available,
PINCOU,http://www.fs.fed.us/database/feis/plants/tree/pincou/all.html,Pinus coulteri,Coulter pine,1993,Not Available,
PINECH,http://www.fs.fed.us/database/feis/plants/tree/pinech/all.html,Pinus echinata,shortleaf pine,1992,Not Available,
PINEDU,http://www.fs.fed.us/database/feis/plants/tree/pinedu/all.html,Pinus edulis,Colorado pinyon,2002,Not Available,
PINELL,http://www.fs.fed.us/database/feis/plants/tree/pinell/all.html,	Pinus elliottii	,	slash pine	,1992,Not Available,
PINENG,http://www.fs.fed.us/database/feis/plants/tree/pineng/all.html,Pinus engelmannii,Apache pine,1994,Not Available,
PINFLE,http://www.fs.fed.us/database/feis/plants/tree/pinfle/all.html,Pinus flexilis,limber pine,2001,Available,
PINGLA,http://www.fs.fed.us/database/feis/plants/tree/pingla/all.html,Pinus glabra,spruce pine,1993,Not Available,
PINJEF,http://www.fs.fed.us/database/feis/plants/tree/pinjef/all.html,Pinus jeffreyi,Jeffrey pine,2007,Available,
PINLAM,http://www.fs.fed.us/database/feis/plants/tree/pinlam/all.html,Pinus lambertiana,sugar pine,1992,Available,
PINLEIC,http://www.fs.fed.us/database/feis/plants/tree/pinleic/all.html,Pinus leiophylla var. chihuahuan,Chihuahua pine,1994,Not Available,
PINLON,http://www.fs.fed.us/database/feis/plants/tree/pinlon/all.html,Pinus longaeva,Great Basin bristlecone pine,2004,Not Available,
PINMON,http://www.fs.fed.us/database/feis/plants/tree/pinmon/all.html,Pinus monophylla,singleleaf pinyon,2001,Not Available,
PINMOT,http://www.fs.fed.us/database/feis/plants/tree/pinmot/all.html,Pinus monticola,western white pine,1992,Not Available,
PINMUR,http://www.fs.fed.us/database/feis/plants/tree/pinmur/all.html,Pinus muricata,bishop pine,1993,Not Available,
PINNIG,http://www.fs.fed.us/database/feis/plants/tree/pinnig/all.html,Pinus nigra,European black pine,1993,Not Available,
PINPAL,http://www.fs.fed.us/database/feis/plants/tree/pinpal/all.html,Pinus palustris,longleaf pine,1992,Available,
PINPONA,http://www.fs.fed.us/database/feis/plants/tree/pinpona/all.html,Pinus ponderosa var. arizonica,Arizona pine,2003,Available,
PINPONP,http://www.fs.fed.us/database/feis/plants/tree/pinponp/all.html,Pinus ponderosa var. ponderosa,Pacific ponderosa pine,1992,Available,
PINPONS,http://www.fs.fed.us/database/feis/plants/tree/pinpons/all.html,Pinus ponderosa var. scopulorum,interior ponderosa pine,2003,Available,
PINPUN,http://www.fs.fed.us/database/feis/plants/tree/pinpun/all.html,Pinus pungens,Table Mountain pine,2007,Available,
PINQUA,http://www.fs.fed.us/database/feis/plants/tree/pinqua/all.html,Pinus quadrifolia,Parry pinyon,1993,Not Available,
PINRAD,http://www.fs.fed.us/database/feis/plants/tree/pinrad/all.html,Pinus radiata,Monterey pine,1993,Not Available,
PINRES,http://www.fs.fed.us/database/feis/plants/tree/pinres/all.html,Pinus resinosa,red pine,2008,Available,
PINRIG,http://www.fs.fed.us/database/feis/plants/tree/pinrig/all.html,Pinus rigida,pitch pine,2007,Available,
PINSAB,http://www.fs.fed.us/database/feis/plants/tree/pinsab/all.html,Pinus sabiniana,gray pine,1992,Not Available,
PINSER,http://www.fs.fed.us/database/feis/plants/tree/pinser/all.html,Pinus serotina,pond pine,2000,Available,
PINSTO,http://www.fs.fed.us/database/feis/plants/tree/pinsto/all.html,Pinus strobiformis,southwestern white pine,1993,Not Available,
PINSTR,http://www.fs.fed.us/database/feis/plants/tree/pinstr/all.html,Pinus strobus,eastern white pine,1993,Available,
PINSYL,http://www.fs.fed.us/database/feis/plants/tree/pinsyl/all.html,Pinus sylvestris,Scots pine,1993,Not Available,
PINTAE,http://www.fs.fed.us/database/feis/plants/tree/pintae/all.html,Pinus taeda,loblolly pine,1992,Available,
PINTOR,http://www.fs.fed.us/database/feis/plants/tree/pintor/all.html,Pinus torreyana,Torrey pine,1993,Not Available,
PINVIR,http://www.fs.fed.us/database/feis/plants/tree/pinvir/all.html,Pinus virginiana,Virginia pine,1993,Available,
PINWAS,http://www.fs.fed.us/database/feis/plants/tree/pinwas/all.html,Pinus washoensis,Washoe pine,1993,Not Available,
PLAOCC,http://www.fs.fed.us/database/feis/plants/tree/plaocc/all.html,Platanus occidentalis,sycamore,1994,Not Available,
POPANG,http://www.fs.fed.us/database/feis/plants/tree/popang/all.html,Populus angustifolia,narrowleaf cottonwood,2001,Not Available,
POPBALB,http://www.fs.fed.us/database/feis/plants/tree/popbalb/all.html,Populus balsamifera subsp. balsamifera,balsam poplar,1990,Available,
POPBALT,http://www.fs.fed.us/database/feis/plants/tree/popbalt/all.html,Populus balsamifera subsp. trichocarpa,black cottonwood,2001,Not Available,
POPDEL,http://www.fs.fed.us/database/feis/plants/tree/popdel/all.html,	Populus deltoides	,	eastern cottonwood	,2001,Not Available,
POPFRE,http://www.fs.fed.us/database/feis/plants/tree/popfre/all.html,Populus fremontii,Fremont cottonwood,2000,Not Available,
POPGRA,http://www.fs.fed.us/database/feis/plants/tree/popgra/all.html,Populus grandidentata,bigtooth aspen,1994,Not Available,
POPSPP,http://www.fs.fed.us/database/feis/plants/tree/popspp/all.html,	Populus alba; P. x canescens; P. x heimburgeri; P. x rouleauiana; P. x tomentosa	,	white poplar; gray poplar; Heimburger's poplar; Roulwau's poplar; Chinese white poplar	,2010,Not Available,
POPTRE,http://www.fs.fed.us/database/feis/plants/tree/poptre/all.html,Populus tremuloides,quaking aspen,1996,Available,
PROGLA,http://www.fs.fed.us/database/feis/plants/tree/progla/all.html,	Prosopis glandulosa	,	honey mesquite	,2001,Available,
PROPUB,http://www.fs.fed.us/database/feis/plants/tree/propub/all.html,Prosopis pubescens,screwbean mesquite,2005,Not Available,
PROVEL,http://www.fs.fed.us/database/feis/plants/tree/provel/all.html,Prosopis velutina,velvet mesquite,1990,Not Available,
PRUAME,http://www.fs.fed.us/database/feis/plants/shrub/pruame/all.html,Prunus americana,American plum,2010,Not Available,
PRUEMA,http://www.fs.fed.us/database/feis/plants/tree/pruema/all.html,Prunus emarginata,bitter cherry,1995,Available,
PRUFRE,http://www.fs.fed.us/database/feis/plants/shrub/prufre/all.html,Prunus fremontii,desert apricot,1993,Not Available,
PRUILI,http://www.fs.fed.us/database/feis/plants/shrub/pruili/all.html,Prunus ilicifolia,hollyleaf cherry,1990,Not Available,
PRUPEN,http://www.fs.fed.us/database/feis/plants/tree/prupen/all.html,Prunus pensylvanica,pin cherry,2004,Available,
PRUSER,http://www.fs.fed.us/database/feis/plants/tree/pruser/all.html,Prunus serotina,black cherry,1991,Available,
PRUVIR,http://www.fs.fed.us/database/feis/plants/tree/pruvir/all.html,Prunus virginiana,chokecherry,2000,Available,
PSEMAC,http://www.fs.fed.us/database/feis/plants/tree/psemac/all.html,Pseudotsuga macrocarpa,bigcone Douglas-fir,1992,Not Available,
PSEMENG,http://www.fs.fed.us/database/feis/plants/tree/psemeng/all.html,Pseudotsuga menziesii var. glauca,Rocky Mountain Douglas-fir,2002,Available,
PSEMENM,http://www.fs.fed.us/database/feis/plants/tree/psemenm/all.html,Pseudotsuga menziesii var. menziesii,coast Douglas-fir,1991,Available,
PURMEXS,http://www.fs.fed.us/database/feis/plants/shrub/purmexs/all.html,Purshia mexicana var. stansburiana,Stansbury cliffrose,1995,Not Available,
QUEAGR,http://www.fs.fed.us/database/feis/plants/tree/queagr/all.html,Quercus agrifolia,coast live oak,2002,Available,
QUEALB,http://www.fs.fed.us/database/feis/plants/tree/quealb/all.html,Quercus alba,white oak,1991,Available,
QUEARI,http://www.fs.fed.us/database/feis/plants/tree/queari/all.html,Quercus arizonica,Arizona white oak,1994,Available,
QUEBIC,http://www.fs.fed.us/database/feis/plants/tree/quebic/all.html,Quercus bicolor,swamp white oak,1992,Not Available,
QUECHR,http://www.fs.fed.us/database/feis/plants/tree/quechr/all.html,Quercus chrysolepis,canyon live oak,2008,Available,
QUECOC,http://www.fs.fed.us/database/feis/plants/tree/quecoc/all.html,Quercus coccinea,scarlet oak,1992,Available,
QUEDOU,http://www.fs.fed.us/database/feis/plants/tree/quedou/all.html,Quercus douglasii,blue oak,2007,Available,
QUEELL,http://www.fs.fed.us/database/feis/plants/tree/queell/all.html,Quercus ellipsoidalis,northern pin oak,1993,Not Available,
QUEEMO,http://www.fs.fed.us/database/feis/plants/tree/queemo/all.html,Quercus emoryi,Emory oak,1994,Available,
QUEFAL,http://www.fs.fed.us/database/feis/plants/tree/quefal/all.html,	Quercus falcata; Q. pagoda	,	southern red oak; cherrybark oak	,1992,Not Available,
QUEGAM,http://www.fs.fed.us/database/feis/plants/tree/quegam/all.html,Quercus gambelii,Gambel oak,2000,Available,
QUEGAR,http://www.fs.fed.us/database/feis/plants/tree/quegar/all.html,Quercus garryana,Oregon white oak,2007,Not Available,
QUEGRI,http://www.fs.fed.us/database/feis/plants/tree/quegri/all.html,Quercus grisea,gray oak,1994,Not Available,
QUEILI,http://www.fs.fed.us/database/feis/plants/shrub/queili/all.html,Quercus ilicifolia,bear oak,2006,Available,
QUEINC,http://www.fs.fed.us/database/feis/plants/tree/queinc/all.html,Quercus incana,bluejack oak,1994,Not Available,
QUEKEL,http://www.fs.fed.us/database/feis/plants/tree/quekel/all.html,Quercus kelloggii,California black oak,2007,Available,
QUELAE,http://www.fs.fed.us/database/feis/plants/tree/quelae/all.html,Quercus laevis,turkey oak,1992,Not Available,
QUELOB,http://www.fs.fed.us/database/feis/plants/tree/quelob/all.html,Quercus lobata,valley oak,1992,Not Available,
QUELYR,http://www.fs.fed.us/database/feis/plants/tree/quelyr/all.html,Quercus lyrata,overcup oak,1993,Not Available,
QUEMAC,http://www.fs.fed.us/database/feis/plants/tree/quemac/all.html,Quercus macrocarpa,bur oak,2011,Available,
QUEMAR,http://www.fs.fed.us/database/feis/plants/tree/quemar/all.html,Quercus marilandica,blackjack oak,1992,Available,
QUEMIC,http://www.fs.fed.us/database/feis/plants/tree/quemic/all.html,Quercus michauxii,swamp chestnut oak,1992,Not Available,
QUEMUE,http://www.fs.fed.us/database/feis/plants/tree/quemue/all.html,Quercus muehlenbergii,chinkapin oak,1991,Available,
QUENIG,http://www.fs.fed.us/database/feis/plants/tree/quenig/all.html,Quercus nigra,water oak,1992,Not Available,
QUEOBL,http://www.fs.fed.us/database/feis/plants/tree/queobl/all.html,Quercus oblongifolia,Mexican blue oak,1993,Not Available,
QUEPAL,http://www.fs.fed.us/database/feis/plants/tree/quepal/all.html,Quercus palustris,pin oak,1992,Not Available,
QUEPHE,http://www.fs.fed.us/database/feis/plants/tree/quephe/all.html,Quercus phellos,willow oak,1992,Not Available,
QUEPRI,http://www.fs.fed.us/database/feis/plants/tree/quepri/all.html,Quercus prinus,chestnut oak,1992,Available,
QUEPUN,http://www.fs.fed.us/database/feis/plants/tree/quepun/all.html,Quercus pungens,pungent oak,1993,Not Available,
QUERUB,http://www.fs.fed.us/database/feis/plants/tree/querub/all.html,Quercus rubra,northern red oak,1991,Available,
QUESHU,http://www.fs.fed.us/database/feis/plants/tree/queshu/all.html,Quercus shumardii,Shumard oak,1993,Not Available,
QUESPP1,http://www.fs.fed.us/database/feis/plants/tree/quespp1/all.html,	Quercus hemisphaerica; Q. laurifolia	,	Darlington oak; laurel oak	,1992,Not Available,
QUESTE,http://www.fs.fed.us/database/feis/plants/tree/queste/all.html,	Quercus stellata	,	post oak	,1992,Not Available,
QUETUR,http://www.fs.fed.us/database/feis/plants/tree/quetur/all.html,Quercus turbinella,Sonoran scrub oak,1999,Available,
QUEVEL,http://www.fs.fed.us/database/feis/plants/tree/quevel/all.html,Quercus velutina,black oak,1992,Available,
QUEVIR,http://www.fs.fed.us/database/feis/plants/tree/quevir/all.html,Quercus virginiana var. virginiana,live oak,1992,Not Available,
QUEWIS,http://www.fs.fed.us/database/feis/plants/tree/quewis/all.html,Quercus wislizeni var. wislizeni,interior live oak,2012,Available,
RHASPP,http://www.fs.fed.us/database/feis/plants/shrub/rhaspp/all.html,	Rhamnus cathartica; R. davurica	,	common buckthorn; European buckthorn	,2011,Available,
RHOMAC,http://www.fs.fed.us/database/feis/plants/shrub/rhomac/all.html,Rhododendron macrophyllum,Pacific rhododendron,1990,Available,
RHOMAX,http://www.fs.fed.us/database/feis/plants/shrub/rhomax/all.html,Rhododendron maximum,great laurel,2008,Available,
RHUCOP,http://www.fs.fed.us/database/feis/plants/shrub/rhucop/all.html,Rhus copallina,winged sumac,1992,Not Available,
RHUGLA,http://www.fs.fed.us/database/feis/plants/shrub/rhugla/all.html,Rhus glabra,smooth sumac,2000,Available,
RHUTYP,http://www.fs.fed.us/database/feis/plants/tree/rhutyp/all.html,Rhus typhina,staghorn sumac,1994,Not Available,
ROBNEO,http://www.fs.fed.us/database/feis/plants/tree/robneo/all.html,Robinia neomexicana,New Mexico locust,1993,Not Available,
ROBPSE,http://www.fs.fed.us/database/feis/plants/tree/robpse/all.html,Robinia pseudoacacia,black locust,2009,Available,
SABPAL,http://www.fs.fed.us/database/feis/plants/tree/sabpal/all.html,Sabal palmetto,cabbage palmetto,1991,Not Available,
SALALA,http://www.fs.fed.us/database/feis/plants/tree/salala/all.html,Salix alaxensis,Alaska willow,2014,Available,
SALAMY,http://www.fs.fed.us/database/feis/plants/tree/salamy/all.html,Salix amygdaloides,peachleaf willow,2012,Not Available,
SALARB,http://www.fs.fed.us/database/feis/plants/shrub/salarb/all.html,Salix arbusculoides,littletree willow,1992,Available,
SALBEB,http://www.fs.fed.us/database/feis/plants/tree/salbeb/all.html,Salix bebbiana,Bebb willow,1992,Available,
SALDIS,http://www.fs.fed.us/database/feis/plants/shrub/saldis/all.html,Salix discolor,pussy willow,2007,Not Available,
SALEXI,http://www.fs.fed.us/database/feis/plants/shrub/salexi/all.html,Salix exigua,narrowleaf willow,2006,Not Available,
SALGEY,http://www.fs.fed.us/database/feis/plants/shrub/salgey/all.html,Salix geyeriana,Geyer's willow,1991,Not Available,
SALGLA,http://www.fs.fed.us/database/feis/plants/tree/salgla/all.html,Salix glauca,grayleaf willow,1992,Available,
SALGOO,http://www.fs.fed.us/database/feis/plants/tree/salgoo/all.html,Salix gooddingii,Goodding's black willow,1993,Not Available,
SALLAS,http://www.fs.fed.us/database/feis/plants/tree/sallas/all.html,Salix lasiolepis,Pacific willow,1989,Not Available,
SALLUT,http://www.fs.fed.us/database/feis/plants/tree/sallut/all.html,Salix lutea,yellow willow,1989,Not Available,
SALNIG,http://www.fs.fed.us/database/feis/plants/tree/salnig/all.html,Salix nigra,black willow,1992,Not Available,
SALSCO,http://www.fs.fed.us/database/feis/plants/tree/salsco/all.html,Salix scouleriana,Scouler's willow,2001,Available,
SAMNIGC,http://www.fs.fed.us/database/feis/plants/shrub/samnigc/all.html,Sambucus nigra subsp. cerulea,blue elderberry,1989,Available,
SAMRAC,http://www.fs.fed.us/database/feis/plants/shrub/samrac/all.html,	Sambucus racemosa	,	red elderberry	,2008,Available,
SAPSAPD,http://www.fs.fed.us/database/feis/plants/tree/sapsapd/all.html,Sapindus saponaria var. drummond,western soapberry,1990,Not Available,
SASALB,http://www.fs.fed.us/database/feis/plants/tree/sasalb/all.html,Sassafras albidum,sassafras,1993,Available,
SCHACT,http://www.fs.fed.us/database/feis/plants/tree/schact/all.html,Schefflera actinophylla,octopus tree,2011,Not Available,
SCHTER,http://www.fs.fed.us/database/feis/plants/shrub/schter/all.html,Schinus terebinthifolius,Brazilian pepper,2011,Not Available,
SEQGIG,http://www.fs.fed.us/database/feis/plants/tree/seqgig/all.html,Sequoiadendron giganteum,giant sequoia,1992,Available,
SEQSEM,http://www.fs.fed.us/database/feis/plants/tree/seqsem/all.html,Sequoia sempervirens,redwood,1992,Available,
SERREP,http://www.fs.fed.us/database/feis/plants/shrub/serrep/all.html,Serenoa repens,saw-palmetto,1991,Available,
SOPSEC,http://www.fs.fed.us/database/feis/plants/tree/sopsec/all.html,Sophora secundiflora,mescalbean sophora,1990,Available,
SORAME,http://www.fs.fed.us/database/feis/plants/tree/sorame/all.html,Sorbus americana,American mountain-ash,1992,Not Available,
SORSIT,http://www.fs.fed.us/database/feis/plants/shrub/sorsit/all.html,Sorbus sitchensis,Sitka mountain-ash,1993,Available,
SPAJUN,http://www.fs.fed.us/database/feis/plants/shrub/spajun/all.html,Spartium junceum,Spanish broom,2005,Not Available,
TAMAPH,http://www.fs.fed.us/database/feis/plants/tree/tamaph/all.html,Tamarix aphylla,Athel tamarisk,1992,Not Available,
TAMSPP,http://www.fs.fed.us/database/feis/plants/tree/tamspp/all.html,	Tamarix chinensis; T. gallica; T. parviflora; T. ramosissima	,	tamarisk; French tamarisk; small-flowered tamarisk; saltcedar	,2003,Not Available,
TAXBRE,http://www.fs.fed.us/database/feis/plants/tree/taxbre/all.html,Taxus brevifolia,Pacific yew,1990,Available,
TAXDIS,http://www.fs.fed.us/database/feis/plants/tree/taxdis/all.html,	Taxodium distichum	,	baldcypress	,1992,Not Available,
TAXFLO,http://www.fs.fed.us/database/feis/plants/tree/taxflo/all.html,Taxus floridana,Florida yew,1993,Not Available,
TAXMUC,http://www.fs.fed.us/database/feis/plants/tree/taxmuc/all.html,Taxodium mucronatum,Montezuma baldcypress,1994,Not Available,
THUOCC,http://www.fs.fed.us/database/feis/plants/tree/thuocc/all.html,Thuja occidentalis,northern white-cedar,1993,Not Available,
THUPLI,http://www.fs.fed.us/database/feis/plants/tree/thupli/all.html,Thuja plicata,western redcedar,1992,Available,
TILAME,http://www.fs.fed.us/database/feis/plants/tree/tilame/all.html,Tilia americana,basswood,1994,Available,
TORCAL,http://www.fs.fed.us/database/feis/plants/tree/torcal/all.html,Torreya californica,California torreya,1992,Not Available,
TORTAX,http://www.fs.fed.us/database/feis/plants/tree/tortax/all.html,Torreya taxifolia,Florida torreya,1993,Not Available,
TRISEB,http://www.fs.fed.us/database/feis/plants/tree/triseb/all.html,Triadica sebifera,tallowtree,2011,Not Available,
TSUCAN,http://www.fs.fed.us/database/feis/plants/tree/tsucan/all.html,Tsuga canadensis,eastern hemlock,1993,Available,
TSUCAR,http://www.fs.fed.us/database/feis/plants/tree/tsucar/all.html,Tsuga caroliniana,Carolina hemlock,1993,Not Available,
TSUHET,http://www.fs.fed.us/database/feis/plants/tree/tsuhet/all.html,Tsuga heterophylla,western hemlock,1992,Available,
TSUMER,http://www.fs.fed.us/database/feis/plants/tree/tsumer/all.html,Tsuga mertensiana,mountain hemlock,1992,Not Available,
ULMAME,http://www.fs.fed.us/database/feis/plants/tree/ulmame/all.html,Ulmus americana,American elm,1992,Available,
ULMRUB,http://www.fs.fed.us/database/feis/plants/tree/ulmrub/all.html,Ulmus rubra,slippery elm,1993,Available,
UMBCAL,http://www.fs.fed.us/database/feis/plants/tree/umbcal/all.html,Umbellularia californica,California bay,1992,Not Available,
UNGSPE,http://www.fs.fed.us/database/feis/plants/tree/ungspe/all.html,Ungnadia speciosa,Mexican buckeye,1990,Available,
VACARB,http://www.fs.fed.us/database/feis/plants/shrub/vacarb/all.html,Vaccinium arboreum,tree sparkleberry,1991,Not Available,
WASFIL,http://www.fs.fed.us/database/feis/plants/tree/wasfil/all.html,Washingtonia filifera,California palm,1992,Not Available,
YUCBRE,http://www.fs.fed.us/database/feis/plants/tree/yucbre/all.html,Yucca brevifolia,Joshua tree,2006,Not Available,
YUCELA,http://www.fs.fed.us/database/feis/plants/tree/yucela/all.html,Yucca elata,soaptree yucca,2001,Available,
YUCSCH,http://www.fs.fed.us/database/feis/plants/shrub/yucsch/all.html,Yucca schidigera,Mojave yucca,2006,Not Available,
