Results for: (Life form = Vine ) 
Acronym,Link,Scientific Name,Common Name,Review Date,Fire Study Availability
AMPBRE,http://www.fs.fed.us/database/feis/plants/vine/ampbre/all.html,Ampelopsis brevipedunculata,porcelainberry,2009,Not Available,
CELORB,http://www.fs.fed.us/database/feis/plants/vine/celorb/all.html,Celastrus orbiculatus,Oriental bittersweet,2011,Not Available,
CONARV,http://www.fs.fed.us/database/feis/plants/vine/conarv/all.html,Convolvulus arvensis,field bindweed,2004,Not Available,
CYNSPP,http://www.fs.fed.us/database/feis/plants/vine/cynspp/all.html,	Cynanchum louiseae; C. rossicum	,	black swallow-wort; pale swallow-wort	,2009,Not Available,
DIOSPP,http://www.fs.fed.us/database/feis/plants/vine/diospp/all.html,	Discorea alata; D. bulbifera; D. pentaphylla; D. polystachya; D. sansibarensis	,	water yam; air yam; fiveleaf yam; Chinese yam; Zanzibar yam	,2009,Not Available,
HEDHEL,http://www.fs.fed.us/database/feis/plants/vine/hedhel/all.html,Hedera helix,English ivy,2010,Not Available,
LONJAP,http://www.fs.fed.us/database/feis/plants/vine/lonjap/all.html,Lonicera japonica,Japanese honeysuckle,2002,Not Available,
LYSNUM,http://www.fs.fed.us/database/feis/plants/forb/lysnum/all.html,Lysimachia nummularia,moneywort,2011,Not Available,
PAEFOE,http://www.fs.fed.us/database/feis/plants/vine/paefoe/all.html,Paederia foetida,skunkvine,2009,Not Available,
PARQUI,http://www.fs.fed.us/database/feis/plants/vine/parqui/all.html,Parthenocissus quinquefolia,Virginia creeper,1991,Available,
POLPEF,http://www.fs.fed.us/database/feis/plants/vine/polpef/all.html,Polygonum perfoliatum,mile-a-minute,2010,Not Available,
PUEMONL,http://www.fs.fed.us/database/feis/plants/vine/puemonl/all.html,Pueraria montana var. lobata,kudzu,2002,Not Available,
SMIBON,http://www.fs.fed.us/database/feis/plants/vine/smibon/all.html,Smilax bona-nox,saw greenbrier,1994,Available,
SMILAU,http://www.fs.fed.us/database/feis/plants/vine/smilau/all.html,Smilax laurifolia,laurelleaf greenbrier,1991,Not Available,
SMIROT,http://www.fs.fed.us/database/feis/plants/vine/smirot/all.html,Smilax rotundifolia,common greenbrier,1994,Available,
SOLDUL,http://www.fs.fed.us/database/feis/plants/shrub/soldul/all.html,Solanum dulcamara,bittersweet nightshade,2009,Not Available,
TOXDIV,http://www.fs.fed.us/database/feis/plants/vine/toxdiv/all.html,Toxicodendron diversilobum,Pacific poison-oak,1994,Available,
VINSPP,http://www.fs.fed.us/database/feis/plants/vine/vinspp/all.html,	Vinca major; V. minor	,	bigleaf periwinkle; common periwinkle	,2009,Not Available,
VITAES,http://www.fs.fed.us/database/feis/plants/vine/vitaes/all.html,Vitis aestivalis,summer grape,1994,Not Available,
VITARI,http://www.fs.fed.us/database/feis/plants/vine/vitari/all.html,Vitis arizonica,Arizona grape,2006,Not Available,
VITCAL,http://www.fs.fed.us/database/feis/plants/vine/vitcal/all.html,Vitis californica,California wild grape,1993,Not Available,
WISSPP,http://www.fs.fed.us/database/feis/plants/vine/wisspp/all.html,	Wisteria floribunda; W. sinensis	,	Japanese wisteria; Chinese wisteria	,2009,Not Available,
