concept_id	record_id	title	version	publication_date	created	updated	doi	concept_doi	resource_type	access_right	license	creators	related_identifiers	file_count	file_names	total_size_bytes	record_url	concept_url	archive_url	views	unique_views	downloads	unique_downloads	description
23073330	23073331	Botany Literature		2026-10-01	2026-10-01T02:00:55.391107+00:00	2026-10-01T02:00:55.575885+00:00	10.5281/zenodo.23073331	10.5281/zenodo.23073330	dataset	open		Hammock, Jennifer		2	traits.tsv; taxon.txt	56224594	https://zenodo.org/records/23073331	https://zenodo.org/records/23073330	https://zenodo.org/api/records/23073331/files-archive	42	37	0	0	Literature sources: http://doi.org/10.13140/RG.2.2.26444.72322https://doi.org/10.1073/pnas.1706756114https://doi.org/10.1038/srep29549https://doi.org/10.15560/10.5.1071https://static1.kew.org/data/grassbase/index.htmlhttps://posa.sanbi.org/http://dx.doi.org/10.15560/5.2.173https://doi.org/10.15560/11.4.1718ISBN:99916-68-06-3http://www.jstor.org/stable/23493222https://doi.org/10.1111/boj.12010
23073232	23073233	TRY plant traits		2026-10-01	2026-10-01T01:46:20.707941+00:00	2026-10-01T01:46:20.897899+00:00	10.5281/zenodo.23073233	10.5281/zenodo.23073232	dataset	open		Hammock, Jennifer		2	taxon.txt; traits.tsv	142209189	https://zenodo.org/records/23073233	https://zenodo.org/records/23073232	https://zenodo.org/api/records/23073233/files-archive	20	20	0	0	Selected records from the TRY database (https://www.try-db.org/TryWeb/About.php), summarized at the species level
23073097	23073098	Reef Dwellers		2026-10-01	2026-10-01T01:30:15.242229+00:00	2026-10-01T01:30:15.442019+00:00	10.5281/zenodo.23073098	10.5281/zenodo.23073097	dataset	open		Hammock, Jennifer		2	taxon.tsv; traits.tsv	4833508	https://zenodo.org/records/23073098	https://zenodo.org/records/23073097	https://zenodo.org/api/records/23073098/files-archive	16	16	0	0	Literature sources: https://micronesica.org/sites/default/files/17-stomatopods_0.pdfhttps://repository.si.edu/server/api/core/bitstreams/fdebb513-178d-4ec3-a2b2-7f51204ec573/content10.11646/zootaxa.4174.1.20https://www.airitilibrary.com/Article/Detail?DocID=10215506-200301-201306110017-201306110017-1-72https://www.researchgate.net/publication/253878252http://www.bioone.org/doi/full/10.2984/68.3.710.11646/zootaxa.2119.1.3https://www.researchgate.net/publication/328879662https://library.dbca.wa.gov.au/#record/132159https://www.researchgate.net/publication/234072237https://doi.org/10.1353/psc.2004.0007https://doi.org/10.5281/zenodo.3939069https://www.researchgate.net/publication/289736817https://www.researchgate.net/publication/289299962http://hdl.handle.net/2246/5196https://doi.org/10.3897/BDJ.2.e1100
23073052	23073053	Sensory		2026-10-01	2026-10-01T01:22:18.061307+00:00	2026-10-01T01:22:18.242371+00:00	10.5281/zenodo.23073053	10.5281/zenodo.23073052	dataset	open		Hammock, Jennifer		2	traits.tsv; taxon.tsv	424529	https://zenodo.org/records/23073053	https://zenodo.org/records/23073052	https://zenodo.org/api/records/23073053/files-archive	20	20	0	0	Literature sources: https://doi.org/10.1007%2Fs13127-012-0112-4https://doi.org/10.1002/ajpa.20957https://doi.org/10.1186/s12862-019-1498-9https://doi.org/10.1093/icb/icw089https://doi.org/10.1071/IT9880903https://doi.org/10.1007/978-1-4613-2743-1_5https://www.researchgate.net/publication/228672198https://repository.naturalis.nl/pub/504361https://doi.org/10.1016/S1055-7903(02)00217-8https://www.jstor.org/stable/1548332https://doi.org/10.1080/00364827.1965.10409549https://doi.org/10.1080/00364827.1966.10409568http://dx.doi.org/10.1098/rspb.2013.3011https://doi.org/10.1016/j.asd.2007.06.003https://doi.org/10.2307/3223976https://doi.org/10.1007/BF01027719https://doi.org/10.1666/pleo0022-3360(2007)081[0607:MOAPOT]2.0.CO;2https://api.semanticscholar.org/CorpusID:91195661https://doi.org/10.11646/zootaxa.4555.3.3http://dx.doi.org/10.5479/si.00810282.516https://doi.org/10.1146/annurev.ne.15.030192.000245https://doi.org/10.1016/B978-0-12-373553-9.X0001-6https://doi.org/10.1038/287681a0https://doi.org/10.1016/j.ympev.2018.11.006https://doi.org/10.1016/j.asd.2006.06.003https://research.nhm.org/pdfs/27742/27742.pdfhttps://www.jstor.org/stable/20107685https://doi.org/10.1086/693977https://doi.org/10.1144/GSL.SP.2000.177.01.14https://doi.org/10.1242/jcs.s2-25.97.37http://www.jstor.com/stable/2096793https://doi.org/10.1038/302818a0https://doi.org/10.1017/S0952523813000035https://dx.doi.org/10.1186%2F2041-9139-6-1https://www.researchgate.net/publication/30857880https://doi.org/10.1126/science.aam9506https://www.jstor.org/stable/pdf/50116.pdfhttps://doi.org/10.1016/j.cub.2018.05.055https://cavefishes.org.uk/https://doi.org/10.1016/j.zool.2012.03.003https://doi.org/10.11646/zootaxa.1039.1.3https://api.semanticscholar.org/CorpusID:82013185https://doi.org/10.1016/j.cub.2019.11.042https://doi.org/10.1007/s00435-008-0075-3https://doi.org/10.1093/sysbio/syr085https://www.researchgate.net/publication/230604625http://www.jstor.com/stable/20111410https://doi.org/10.1073/pnas.1018495108https://dx.doi.org/10.1098%2Frsbl.2010.0220http://www.jstor.com/stable/1446951https://doi.org/10.1007/s00435-017-0350-2ISBN:978-3-11-017130-3https://doi.org/10.1080/21564574.2003.9635483https://doi.org/10.11646/zootaxa.2874.1.3https://www.jstor.org/stable/pdf/1547965.pdfhttps://doi.org/10.4003/006.026.0206https://doi.org/10.1201/9781420037548.CH8https://doi.org/10.1093/molbev/msi180https://doi.org/10.1242/jeb.01288https://doi.org/10.1038/nature13086https://doi.org/10.1142/s0219635209002022https://doi.org/10.1111/j.1474-919X.2005.00467.xhttps://doi.org/10.1073/pnas.1302218110https://doi.org/10.1007/978-1-4612-2784-7_9http://doi.org/10.1098/rspb.2014.1943https://doi.org/10.1242/jeb.116012https://doi.org/10.1007/978-1-4612-1182-2_7https://doi.org/10.1007/s003590050338https://doi.org/10.1111/j.1444-2906.2008.01589.xhttps://doi.org/10.1007/978-1-4419-8957-4_4https://doi.org/10.1007/s003590050254https://doi.org/10.1038/srep34130https://doi.org/10.1017/S095283690100053Xhttps://doi.org/10.1007/978-1-4419-8957-4_9https://doi.org/10.1002/jez.1401910107http://doi.org/10.1098/rspb.2017.1670https://doi.org/10.1002/(SICI)1097-0029(19991215)47:6<380::AID-JEMT3>3.0.CO;2-Phttps://www.jstor.org/stable/44149431https://doi.org/10.1016/0165-0173(83)90003-6http://doi.org/10.1098/rstb.2009.0044
23072941	23072942	Locomotion		2026-10-01	2026-10-01T01:10:04.426742+00:00	2026-10-01T01:10:04.917507+00:00	10.5281/zenodo.23072942	10.5281/zenodo.23072941	dataset	open		Hammock, Jennifer		2	traits.tsv; taxon.tsv	605430	https://zenodo.org/records/23072942	https://zenodo.org/records/23072941	https://zenodo.org/api/records/23072942/files-archive	17	17	0	0	Literature sources: https://doi.org/10.1111/j.0021-8782.2004.00289.xhttps://doi.org/10.1242/jeb.193.1.255https://nsuworks.nova.edu/occ_facarticles/89/https://www.jstor.org/stable/1311183https://doi.org/10.1079/9780851998183.002https://doi.org/10.1177/1059712311426801https://doi.org/10.1111/j.1469-7998.1976.tb06004.xhttps://doi.org/10.11646/zoosymposia.15.1.4http://www.jstor.com/stable/2456387https://doi.org/10.1023/A:1011695406277https://doi.org/10.1007/s10336-008-0319-5https://www.jstor.org/stable/10.1086/318108https://doi.org/10.1093/icb/15.2.455https://api.semanticscholar.org/CorpusID:886912https://doi.org/10.1080/02724634.1997.10010977https://doi.org/10.1111/j.1558-5646.1994.tb05300.xhttps://doi.org/10.1111/j.1095-8312.2010.01372.xhttp://hdl.handle.net/2246/948https://doi.org/10.1007/978-1-4684-4064-5_2https://doi.org/10.1242/jeb.204.8.1459https://doi.org/10.1016/j.dsr2.2010.09.022https://www.semanticscholar.org/paper/Evolutionary-trends-in-the-behaviour-and-morphology-Johnsgard/7656346d31bcafe993ebf8b8aeac73ceeaa925cdhttps://doi.org/10.1242/jeb.163.1.119https://doi.org/10.1016/B978-0-12-374855-3.00006-6https://doi.org/10.1093/oxfordhb/9780190456757.013.22https://doi.org/10.1063/1.2382591https://doi.org/10.1016/S1546-5098(08)60163-6https://doi.org/10.1006/mpev.1997.0448https://doi.org/10.1007/s00442-003-1376-3https://doi.org/10.1086/425189https://lccn.loc.gov/89600398https://doi.org/10.1111/j.1469-185X.1985.tb00716.xhttps://doi.org/10.1080/00222937408680895https://biostor.org/reference/258170https://doi.org/10.1111/j.1095-8312.1950.tb00584.xhttps://doi.org/10.1111/j.1095-8312.1961.tb00879.xhttps://dx.doi.org/10.1111%2Fj.1469-7998.1981.tb05768.xhttps://doi.org/10.1007/BF00312241https://www.jstor.org/stable/3882808https://doi.org/10.1016/B978-0-12-374855-3.00009-1https://doi.org/10.1002/ece3.769https://www.researchgate.net/publication/256843745https://doi.org/10.1002/jmor.10331https://doi.org/10.1073/pnas.0912613107https://www.proquest.com/openview/f6cda5eef9a29cd35d0f97a83d4a4ed4/https://doi.org/10.1016/B978-0-12-374855-3.00007-8https://doi.org/10.1007/978-1-4020-8259-7_7https://doi.org/10.1093/icb/24.1.107https://www.taylorfrancis.com/chapters/edit/10.1201/9780203737088-7https://doi.org/10.1093/acprof:osobl/9780195398038.003.0011https://doi.org/10.1017/S0025315400012042https://doi.org/10.2307/1438533https://doi.org/10.1111/geb.12643
23072612	23072613	Aquatic Ecology		2026-10-01	2026-10-01T00:48:45.032405+00:00	2026-10-01T00:48:45.601173+00:00	10.5281/zenodo.23072613	10.5281/zenodo.23072612	dataset	open		Hammock, Jennifer		2	traits.tsv; taxon.tsv	2046357	https://zenodo.org/records/23072613	https://zenodo.org/records/23072612	https://zenodo.org/api/records/23072613/files-archive	20	20	0	0	Literature sources: https://doi.org/10.3354/MEPS136311https://www.jstor.org/stable/24837761https://doi.org/10.1016/j.ecolind.2016.11.041https://doi.org/10.1163/193724097X00026https://doi.org/10.1023/A:1017596120422https://doi.org/10.1017/S1464793102005912https://www.jstor.org/stable/24950262http://doi.org/10.1080/07924259.2006.9652204https://doi.org/10.1186/s12862-017-1066-0https://doi.org/10.3389%2Ffphys.2017.00580https://doi.org/10.1007/s10750-007-9012-6https://www.wikidata.org/entity/Q90815681https://www.wikidata.org/wiki/Q116480808https://doi.org/10.1006/mpev.2001.1036ISBN 978-0-643-09927-2https://doi.org/10.1111/een.12104https://doi.org/10.1146/annurev-marine-010814-020007https://www.wikidata.org/entity/Q114428747http://doi.org/10.14288/1.0088199https://doi.org/10.1163/20021975-99990112https://doi.org/10.1163/156854097X00537https://doi.org/10.1163/193724096X00199https://www.wikidata.org/entity/Q116480720https://doi.org/10.5479/si.00810282.447.ihttps://doi.org/10.1017/S0025315400038996https://doi.org/10.1371/journal.pone.0026243https://www.wikidata.org/entity/Q116480547http://dx.doi.org/10.24199/j.mmv.2014.71.04https://doi.org/10.1186/1471-2148-11-118https://doi.org/10.1023/A:1022827920781https://doi.org/10.1016/0031-0182(91)90053-Thttp://dx.doi.org/10.1590/S0031-10492012022000001https://doi.org/10.1371/journal.pone.0009801https://doi.org/10.1029/CE060p0125https://www.wikidata.org/entity/Q116480748https://doi.org/10.1023/A:1020119512225https://doi.org/10.1007/978-3-319-96776-9_13https://doi.org/10.1016/j.jembe.2007.06.012http://doi.org/10.1017/S0376892902000322https://doi.org/10.3354/meps099183https://doi.org/10.2307/1549362https://doi.org/10.1080/07924259.2006.9652204https://doi.org/10.3389/fphys.2017.00580https://doi.org/10.1093/oxfordjournals.mollus.a064734https://doi.org/10.1201/9781003078920https://archive.org/details/marineparasitolo0000unsehttp://hdl.handle.net/10088/3422https://dx.doi.org/10.14288/1.0088199https://biostor.org/reference/74670https://doi.org/10.1201/b12646https://doi.org/10.24199/j.mmv.2014.71.04https://nepis.epa.gov/Exe/ZyPURL.cgi?Dockey=2000VXY6.txthttps://www.jstor.org/stable/44520631https://doi.org/10.1111/j.1469-7998.1969.tb02150.xhttps://doi.org/10.3897/zookeys.1110.83228https://doi.org/10.1007/978-1-4020-8259-7_4https://doi.org/10.1002/jmor.20093https://doi.org/10.1007/S10750-016-2714-Xhttps://www.wikidata.org/entity/Q107000004https://royalsocietypublishing.org/doi/suppl/10.1098/rspb.2016.1364https://research.nhm.org/pdfs/27742/27742.pdfhttps://doi.org/10.1111/ele.12063https://doi.org/10.1080/07352689.2020.1787679https://doi.org/10.1016/j.cub.2015.08.029https://doi.org/10.1111/jpy.12547https://doi.org/10.1111/jse.12182https://www.wikidata.org/entity/Q90635072https://doi.org/10.1093/icb/19.3.669https://doi.org/10.1016/j.ympev.2010.04.009https://doi.org/10.1093/plankt/fbq157https://doi.org/10.1093/icb/43.1.87https://doi.org/10.1007/978-1-4020-8815-5_1https://doi.org/10.1016/j.earscirev.2006.06.001https://doi.org/10.1098/rstb.1983.0030https://www.researchgate.net/publication/284647044https://www.marinespecies.org/aphia.php?p=sourcedetails&id=7119https://doi.org/10.1371/journal.pone.0014290https://doi.org/10.2307/1542938https://doi.org/10.1016/j.palaeo.2013.10.004https://doi.org/10.1186/1742-9994-2-3http://www.seaslugforum.net/find/phansmarhttps://doi.org/10.1111/j.1744-7410.2003.tb00077.xhttps://www.marinespecies.org/aphia.php?p=sourcedetails&id=167647http://taxondiversity.fieldofscience.com/2013/01/neritimorpha.htmlhttps://doi.org/10.2517/prpsj.9.143https://doi.org/10.1093/mollus/63.3.369https://doi.org/10.1666/0022-3360(2005)079[1175:LPEOTC]2.0.CO;2https://doi.org/10.2108/zsj.24.700https://doi.org/10.2307/2411723https://www.researchgate.net/publication/302941861_The_shell_structure_mineralogy_of_the_Bivalviahttps://doi.org/10.1111/j.1439-0469.1975.tb00509.xhttps://doi.org/10.1029/SC005https://www.researchgate.net/publication/259633159aquatic_ecology_4aab2ec8https://doi.org/10.1666/0022-3360(2005)079<0520:FAMCOF>2.0.CO;2https://doi.org/10.1016/j.epsl.2006.04.025https://doi.org/10.1002/hlca.200390096https://doi.org/10.1093/oso/9780195049770.001.0001http://www.jstor.org/stable/1542810https://doi.org/10.1007/s00114-008-0461-1https://doi.org/10.1890/09-0553.1https://doi.org/10.1007/978-1-4899-5740-5_7https://doi.org/10.1006/zjls.1995.0011https://www.taylorfrancis.com/chapters/edit/10.1201/9781315138053-14https://doi.org/10.1017/S002233600002775Xhttps://doi.org/10.1007/978-3-642-21810-1_1ISBN:9780030259821https://doi.org/10.4267/2042/43896https://doi.org/10.2307/1485632https://doi.org/10.5479/si.00775630.459.1https://doi.org/10.1016/B978-0-12-385529-9.00002-0https://doi.org/10.11646/zootaxa.1668.1.11https://doi.org/10.1371/journal.pone.0096998https://doi.org/10.1111/j.1744-7410.2004.tb00139.xhttps://doi.org/10.1002/9780470986325.ch6https://www.taylorfrancis.com/chapters/edit/10.1201/9781482268218-11/https://doi.org/10.1007/978-1-4757-0387-0_16https://www.marinespecies.org/nemertea/aphia.php?p=sourcedetails&id=338315aquatic_ecology_96c72a14https://doi.org/10.1016/j.zool.2006.03.002ISBN:978-3-662-07846-4https://doi.org/10.3176/geol.1997.4.03https://doi.org/10.1038/nature10295https://doi.org/10.1046/j.1529-8817.2000.00019.xhttps://doi.org/10.1016/0377-8398(93)90048-3http://www.radiolaria.org/what_are_radiolarians.htmISBN:9780080868455https://doi.org/10.1080/00071618600650251http://www.ucl.ac.uk/GeolSci/micropal/foram.htmlhttps://doi.org/10.1021/bp0343561https://doi.org/10.5194/bg-10-5255-2013https://doi.org/10.1007/978-3-642-67913-1_16https://doi.org/10.1186/1999-3110-54-1https://doi.org/10.1038/ncomms4835http://dx.doi.org/10.11646/zootaxa.1524.1.1https://lccn.loc.gov/89600398https://doi.org/10.1111/j.1469-7998.1981.tb05768.xhttps://www.jstor.org/stable/3514976https://www.wikidata.org/entity/Q116504830https://doi.org/10.1016/j.cbd.2005.10.006https://doi.org/10.1016/0041-0101(90)90419-8https://doi.org/10.1111/jbi.13414https://doi.org/10.3354/meps09863https://doi.org/10.1002/ecy.3106https://doi.org/10.1073%2Fpnas.97.9.4469https://doi.org/10.1093/icb/43.1.82https://doi.org/10.1371/journal.pone.0020657https://doi.org/10.1645/GE-2305.1https://doi.org/10.1002/bio.1170010303https://doi.org/10.1016/0037-0738(93)90025-Zhttps://doi.org/10.1016/B0-08-043751-6/07093-6aquatic_ecology_34032603https://doi.org/10.1007/s003380050226
23072529	23072530	Algae		2026-10-01	2026-10-01T00:14:04.563511+00:00	2026-10-01T00:14:04.862213+00:00	10.5281/zenodo.23072530	10.5281/zenodo.23072529	dataset	open		Hammock, Jennifer		2	traits.tsv; taxon.tsv	12457060	https://zenodo.org/records/23072530	https://zenodo.org/records/23072529	https://zenodo.org/api/records/23072530/files-archive	26	18	0	0	Literature sources: https://doi.org/10.4319/lo.2013.58.1.0254http://dx.doi.org/10.1890/14-2252.1https://orcid.org/0000-0002-2908-3327http://doi.pangaea.de/10.1594/PANGAEA.777384https://doi.org/10.1594/PANGAEA.57365https://doi.org/10.5194/essd-5-259-2013http://hdl.handle.net/10013/epic.39031.d001http://dx.doi.org/10.1890/13-0236.1https://doi.org/10.1594/PANGAEA.754335https://doi.org/10.1146/annurev.mi.31.100177.001301https://doi.org/10.1146/annurev-earth-060313-054810https://doi.org/10.1111/j.1529-8817.2006.00210.xhttps://doi.org/10.2216/i0031-8884-38-6-517.1https://doi.org/10.2307/2442669https://doi.org/10.1007/978-3-319-31984-1
23072351	23072352	Corals		2026-10-01	2026-09-30T23:50:34.869936+00:00	2026-09-30T23:50:35.058628+00:00	10.5281/zenodo.23072352	10.5281/zenodo.23072351	dataset	open		Hammock, Jennifer		2	taxon.tsv; traits.tsv	772986	https://zenodo.org/records/23072352	https://zenodo.org/records/23072351	https://zenodo.org/api/records/23072352/files-archive	39	21	0	0	Literature sources: https://doi.org/10.3389/fmars.2019.00184ISBN:9781603440943https://hdl.handle.net/1808/5921https://doi.org/10.1038/s41598-018-26718-5https://doi.org/10.1111/j.1469-185X.2008.00058.xhttp://dx.doi.org/10.3354/meps035259https://doi.org/10.1111/j.1469-7998.1982.tb03509.xhttps://orcid.org/0000-0001-7209-9271https://www.jstor.org/stable/10.2307/26954323https://doi.org/10.1111/gcb.13481https://doi.org/10.1093/icb/icq056https://doi.org/10.1080/07924259.1997.9672575https://doi.org/10.5061/dryad.37pvmcvsj
23067562	23067563	Biochemistry and Natural Products		2026-09-30	2026-09-30T18:52:15.959294+00:00	2026-09-30T18:52:16.133271+00:00	10.5281/zenodo.23067563	10.5281/zenodo.23067562	dataset	open		Hammock, Jennifer		3	taxon.tsv; occurrences.txt; traits.tsv	3326133	https://zenodo.org/records/23067563	https://zenodo.org/records/23067562	https://zenodo.org/api/records/23067563/files-archive	40	28	27	21	Toxins, ecologically and economically important compounds, composition of milk. Literature sources: https://doi.org/10.1093/molbev/mst199https://doi.org/10.1007/BF01659181https://doi.org/10.1016/S0304-4165(99)00008-2https://doi.org/10.1007/BF00230951https://doi.org/10.1016/0305-0491(83)90010-Xhttps://doi.org/10.1111/j.1439-0396.1998.tb00524.xhttps://doi.org/10.1159/000155439https://doi.org/10.1538/expanim1957.25.4_253https://doi.org/10.1016/0305-0491(91)90164-9https://doi.org/10.1079/BJN19940089https://doi.org/10.1016/0305-0491(94)90099-Xhttps://doi.org/10.1093/jn/124.7.1126https://doi.org/10.1023/A:1007078415595https://doi.org/10.1159/000155321https://doi.org/10.3168/jds.S0022-0302(72)85718-7https://doi.org/10.1016/0305-0491(93)90042-4https://doi.org/10.2460/ajvr.1997.58.04.370https://doi.org/10.1016/0305-0491(94)00162-Nhttps://doi.org/10.3168/jds.S0022-0302(66)88054-2https://doi.org/10.1515/bchm3.1992.373.2.931https://doi.org/10.1093/jn/45.3.419https://doi.org/10.2527/jas1971.3261128xhttps://doi.org/10.1016/0958-6946(95)00072-0https://doi.org/10.1111/j.1745-4514.1998.tb00234.xhttps://doi.org/10.1111/j.1432-1033.1985.tb08741.xhttps://doi.org/10.1111/j.1432-1033.1986.tb09852.xhttps://doi.org/10.1016/0014-5793(87)80704-4https://doi.org/10.1016/S0958-6946(99)00117-Xhttps://doi.org/10.1038/222493a0https://doi.org/10.1139/z67-120https://doi.org/10.1093/jn/85.3.305https://doi.org/10.1093/nar/10.8.2677https://doi.org/10.1093/jn/54.3.345https://doi.org/10.1093/jn/44.4.585https://doi.org/10.1016/0300-9629(84)90095-1https://doi.org/10.1016/0010-406X(68)90352-6https://doi.org/10.1016/0305-0491(87)90009-5https://doi.org/10.1016/0010-406X(68)90929-8https://doi.org/10.1071/BI9880495https://doi.org/10.1016/0305-0491(88)90088-0https://doi.org/10.1071/BI9840001https://doi.org/10.1071/BI9790519https://doi.org/10.1086/physzool.62.5.30156200https://doi.org/10.1126/science.180.4082.201https://doi.org/10.1071/BI9830129https://doi.org/10.1071/BI9840323https://doi.org/10.1111/j.1748-1716.1956.tb01367.xhttps://doi.org/10.1042/bj1300177https://doi.org/10.1071/RD9890309https://doi.org/10.3168/jds.S0022-0302(82)82230-3https://doi.org/10.1093/jn/106.11.1617https://doi.org/10.3168/jds.S0022-0302(79)83474-8https://doi.org/10.1016/S0021-9258(19)57109-5https://doi.org/10.1016/0300-9629(93)90156-Xhttps://doi.org/10.1016/0145-305X(84)90069-7https://doi.org/10.1093/jn/13.3.249https://doi.org/10.1071/BI9820145https://doi.org/10.1016/S0021-9258(18)74356-1https://doi.org/10.1038/icb.1926.26https://doi.org/10.1016/0305-0491(71)90258-6https://doi.org/10.1016/0006-291X(88)90172-6https://doi.org/10.1042/bj2410899https://doi.org/10.1111/j.1469-7998.1961.tb05914.xhttps://doi.org/10.1111/j.1748-1090.1960.tb02767.xhttps://doi.org/10.1017/S0022029900003472https://doi.org/10.1530/jrf.0.0370067https://doi.org/10.3168/jds.S0022-0302(74)85063-0https://doi.org/10.1016/0010-406X(68)90934-1https://doi.org/10.2183/pjab1945.29.392https://doi.org/10.1016/0300-9629(91)90443-Ghttps://doi.org/10.1042/bj1940149https://doi.org/10.1071/BI9870037https://doi.org/10.1021/ja02154a024https://doi.org/10.1515/bchm2.1899.27.4-5.408https://doi.org/10.1111/j.1748-1716.1937.tb01593.xhttps://doi.org/10.1016/0308-8146(94)P4189-Mhttps://doi.org/10.4098/AT.arch.80-31https://doi.org/10.1016/0010-406X(69)91757-5https://doi.org/10.1016/B978-1-4832-3225-6.50011-9https://doi.org/10.1016/B978-0-12-436703-6.50007-7https://doi.org/10.1111/j.1469-7998.1965.tb02021.xhttps://doi.org/10.1093/jn/4.4.443https://doi.org/10.2307/1378825https://doi.org/10.1017/S0022029900007615https://doi.org/10.1111/j.1748-1090.1962.tb00116.xhttps://doi.org/10.1515/bchm2.1899.26.5.487https://doi.org/10.1007/978-3-7091-9797-4_1https://doi.org/10.1016/0300-9629(81)90193-6https://doi.org/10.1016/0300-9629(73)90434-9https://doi.org/10.1071/ZO9930203https://doi.org/10.1071/BI9870379https://doi.org/10.1007/978-3-642-88402-3_4https://doi.org/10.1071/RD9890325https://doi.org/10.1071/ZO9910403https://doi.org/10.1071/BI9880289https://doi.org/10.1071/ZO9940267https://doi.org/10.1071/BI9800035https://doi.org/10.1016/0300-9629(89)90071-6https://doi.org/10.1016/0300-9629(78)90234-7https://doi.org/10.1159/000155760https://doi.org/10.1203/00006450-198409000-00023https://doi.org/10.1515/bchm1.1889.13.5.399https://doi.org/10.2307/1377708https://doi.org/10.3168/jds.S0022-0302(93)77660-2https://doi.org/10.1139/z70-035https://doi.org/10.2307/1380027https://doi.org/10.1139/z69-176https://doi.org/10.1016/S0021-9258(18)73259-6https://doi.org/10.1139/z69-041https://doi.org/10.1016/0300-9629(79)90020-3https://doi.org/10.1079/BJN19700014https://doi.org/10.1111/j.1439-0531.1972.tb01571.xhttps://doi.org/10.1111/j.1439-0531.1974.tb00359.xhttps://doi.org/10.1111/j.1748-1090.1976.tb00166.xhttps://doi.org/10.1080/17450395909424807https://doi.org/10.4141/cjas72-073https://doi.org/10.1016/0300-9629(84)90060-4https://doi.org/10.1002/zoo.1430040408https://doi.org/10.3168/jds.S0022-0302(92)78079-5https://doi.org/10.1139/z70-034https://doi.org/10.1007/BF02026248https://doi.org/10.7557/2.13.1.1076https://doi.org/10.1139/z70-229https://doi.org/10.1139/z70-119https://doi.org/10.1016/0300-9629(79)90204-4https://doi.org/10.3168/jds.S0022-0302(88)79562-4https://doi.org/10.1016/0300-9629(91)90335-Ahttps://doi.org/10.1530/jrf.0.0620563https://doi.org/10.1139/z70-230https://doi.org/10.1079/BJN19640051https://doi.org/10.1079/BJN19640035https://doi.org/10.3168/jds.S0022-0302(75)84736-9https://doi.org/10.1051/animres:19710406https://doi.org/10.1001/archpedi.1959.02070020770013https://doi.org/10.1152/ajplegacy.1940.129.3.631https://doi.org/10.1017/S0022029900025851https://doi.org/10.1093/jn/9.3.311https://doi.org/10.1079/BJN19470008https://doi.org/10.1016/0300-9629(78)90051-8https://doi.org/10.1016/B978-1-4832-3225-6.50009-0https://doi.org/10.2527/jas1954.132375xhttps://doi.org/10.1093/jn/111.2.226https://doi.org/10.1038/196175a0https://doi.org/10.1016/0305-0491(73)90006-0https://doi.org/10.1146/annurev.nu.01.070181.001053https://doi.org/10.1113/jphysiol.1963.sp007060https://doi.org/10.1016/0304-4165(65)90194-7https://doi.org/10.3181/00379727-134-34946https://doi.org/10.1038/icb.1976.59https://doi.org/10.1038/215076a0https://doi.org/10.1016/0300-9629(86)90576-1https://doi.org/10.1038/193292a0https://doi.org/10.2527/jas1965.242325xhttps://doi.org/10.1093/jn/10.3.343https://doi.org/10.2527/jas1975.404624xhttps://doi.org/10.1016/0010-406X(65)90304-Xhttps://doi.org/10.1016/0010-406X(67)90604-4https://doi.org/10.1016/0305-0491(71)90014-9https://doi.org/10.1139/z69-002https://doi.org/10.1002/jsfa.2740131210https://doi.org/10.1139/z72-150https://doi.org/10.1139/z65-090https://doi.org/10.1042/bj0280073https://doi.org/10.1111/j.1469-7998.1972.tb04089.xhttps://doi.org/10.1139/z63-079https://doi.org/10.3168/jds.S0022-0302(64)88580-5https://doi.org/10.1139/z63-080https://doi.org/10.1038/153380a0https://doi.org/10.1016/0305-0491(78)90165-7https://doi.org/10.1007/BF02531935https://doi.org/10.3891/acta.chem.scand.13-1910https://doi.org/10.1111/j.1469-7998.1969.tb02155.xhttps://doi.org/10.1139/z69-018https://doi.org/10.1016/0020-711X(71)90076-0https://doi.org/10.1139/o61-016https://doi.org/10.1007/BF02537310https://doi.org/10.1016/0020-711X(73)90032-3https://doi.org/10.1017/S0022029900011523https://doi.org/10.1186/BF03547386https://doi.org/10.1016/S0022-2275(20)38904-5https://doi.org/10.1111/j.1469-7998.1973.tb04556.xhttps://doi.org/10.1139/o63-279https://doi.org/10.1139/o68-029https://doi.org/10.1139/o71-168https://doi.org/10.1139/z69-017https://doi.org/10.2307/1377177https://doi.org/10.1042/bj0550365https://doi.org/10.1007/BF00264680https://doi.org/10.1007/BF02535877https://doi.org/10.1071/ZO9830881https://doi.org/10.1071/AM88006https://doi.org/10.1016/0020-711X(71)90035-8https://doi.org/10.1139/o65-032https://doi.org/10.1016/0305-0491(80)90042-5https://doi.org/10.1042/bj0510190https://doi.org/10.1093/oso/9780198540694.003.0015https://doi.org/10.1071/AM88017https://doi.org/10.1007/BF02535866https://doi.org/10.1071/BI9830455https://doi.org/10.1007/BF02537355https://doi.org/10.1017/S0022029900011936https://doi.org/10.1139/f68-209https://doi.org/10.1002/zoo.1430130412https://doi.org/10.1016/S0300-9629(76)80008-4https://doi.org/10.2527/jas1951.102533xhttps://doi.org/10.1136/vr.115.10.252https://doi.org/10.3168/jds.S0022-0302(86)80665-8https://doi.org/10.1093/jn/44.1.43https://doi.org/10.1079/BJN19930105https://doi.org/10.1071/ZO9940723https://doi.org/10.1139/z95-262https://doi.org/10.1007/BF00240270https://doi.org/10.1021/ja02153a011https://doi.org/10.2508/chikusan.62.594https://doi.org/10.1093/jn/96.4.421https://doi.org/10.1016/S0007-1935(11)80007-2https://doi.org/10.1071/MF9580001https://doi.org/10.1111/j.1439-0396.1973.tb01283.xhttps://doi.org/10.1086/physzool.62.4.30157937https://doi.org/10.1017/S0003356100007194https://doi.org/10.1051/animres:19710205https://doi.org/10.1086/physzool.68.6.30163798https://doi.org/10.3996/nafa.74.0001https://doi.org/10.2307/1375708https://doi.org/10.2307/3797439https://doi.org/10.1139/z91-360https://doi.org/10.2527/2000.78112771xhttps://doi.org/10.1111/j.1439-0388.1931.tb00816.xhttps://doi.org/10.2307/20094328https://doi.org/10.2307/1379344https://doi.org/10.1017/S0003356100030294https://doi.org/10.1152/ajpregu.1991.260.6.R1104https://doi.org/10.2307/1383207https://doi.org/10.1677/joe.0.0440437https://doi.org/10.2508/chikusan.17.99https://doi.org/10.1017/S0021859600039654https://doi.org/10.1016/0300-9629(86)90054-Xhttps://doi.org/10.1095/biolreprod28.1.229https://doi.org/10.1038/icb.1967.16https://doi.org/10.1007/BF00261395https://doi.org/10.1111/j.1469-7998.1986.tb03563.xhttps://doi.org/10.1139/z88-047https://doi.org/10.1152/ajplegacy.1960.199.4.731https://doi.org/10.1071/BI9700401https://doi.org/10.1016/S0021-9258(18)87399-9https://doi.org/10.1139/z93-077https://doi.org/10.3168/jds.S0022-0302(49)92006-8https://doi.org/10.1126/science.142.3598.1467https://doi.org/10.2307/1377717https://doi.org/10.1111/j.1748-1090.1959.tb02446.xhttps://doi.org/10.2307/1377666https://doi.org/10.1515/bchm2.1899.26.5.498https://doi.org/10.2307/3796533https://doi.org/10.1002/aja.1000210103https://doi.org/10.1111/j.1439-0310.1970.tb01889.xhttps://doi.org/10.1111/j.1748-1090.1965.tb01622.xhttps://doi.org/10.1111/j.1439-0388.1936.tb00018.xhttps://doi.org/10.1079/BJN19690076https://doi.org/10.1042/bj0331655https://doi.org/10.1017/S0022029900011146https://doi.org/10.1002/jlac.18470610215https://doi.org/10.1080/00015126309433096https://doi.org/10.1071/ZO9680739https://doi.org/10.1111/j.1439-0310.1968.tb00026.xhttps://doi.org/10.1007/978-1-4757-9909-5_6https://doi.org/10.1038/251309a0https://doi.org/10.7589/0090-3558-29.1.94https://doi.org/10.1086/physzool.55.1.30158438https://doi.org/10.1086/physzool.41.2.30155449https://doi.org/10.1086/physzool.66.1.30158287https://doi.org/10.1017/S0007114599001798https://doi.org/10.1042/bj0080001ISBN:9789400968783https://doi.org/10.1126/science.1099128https://doi.org/10.1128/jb.157.1.73-78.1984https://doi.org/10.1093/aob/mct048https://doi.org/10.1007/978-1-4020-3548-7_1https://doi.org/10.1111/j.1758-2229.2009.00016.xhttps://www.jstor.org/stable/42933101https://doi.org/10.1016/j.atmosenv.2005.10.023https://doi.org/10.1002/2014GB004969https://doi.org/10.1007/s002489900096https://doi.org/10.1080/00380768.1995.10419589http://doi.org/10.1021/bk-1989-0393.ch011https://doi.org/10.1007/BF00113906https://doi.org/10.1038/s41598-017-18923-5https://doi.org/10.1038/420625ahttps://doi.org/10.5194/acp-20-375-2020https://doi.org/10.1128/AEM.68.12.5804-5815.200210.1016/j.phytochem.2007.10.02910.1016/0031-9422(94)00141-F10.1016/s0031-9422(00)00169-210.1016/S0031-9422(99)00119-310.1021/acs.jafc.8b07168https://hdl.handle.net/10520/EJC131548https://pascal-francis.inist.fr/vibad/index.php?action=getRecordDetail&idt=4089143
23067266	23067267	Cultivation and Use		2026-09-30	2026-09-30T17:49:49.837413+00:00	2026-09-30T17:49:50.166144+00:00	10.5281/zenodo.23067267	10.5281/zenodo.23067266	dataset	open		Hammock, Jennifer		2	taxon.tsv; traits.tsv	8445155	https://zenodo.org/records/23067267	https://zenodo.org/records/23067266	https://zenodo.org/api/records/23067267/files-archive	24	18	0	0	Sources: FAO EcoCrop database via https://github.com/supersistence/EcoCrop-ScrapeRhttps://www.fao.org/fisheryhttps://www.fao.org/faostathttps://www.cabidigitallibrary.org/doi/full/10.5555/20033048060https://doi.org/10.1016/j.meatsci.2006.04.005https://doi.org/10.1023/A:1008853113835ISBN13:978-9715426312ISBN13:9781566768894ISBN:92-5-103316-1ISBN13:9781119110286https://doi.org/10.3389/fmars.2017.00363
23066982	23066983	Body Size		2026-09-30	2026-09-30T17:36:27.153822+00:00	2026-09-30T17:37:09.055761+00:00	10.5281/zenodo.23066983	10.5281/zenodo.23066982	dataset	open		Hammock, Jennifer		3	taxon.tsv; traits.tsv; occurrences.txt	52139838	https://zenodo.org/records/23066983	https://zenodo.org/records/23066982	https://zenodo.org/api/records/23066983/files-archive	42	25	11	11	Literature sources: https://doi.org/10.1093/plankt/fbv096https://www.researchgate.net/profile/Matthew-Carrano/publication/230808679https://doi.org/10.1671/0272-4634(2001)021[0051:ANMTCA]2.0.CO;2https://doi.org/10.1371/journal.pone.0051925http://dx.doi.org/10.6084/m9.figshare.627530https://doi.org/10.1007/s11692-014-9271-xhttps://doi.org/10.26028/cybium/2005-293-002https://doi.org/10.1098/rspb.2014.0418https://doi.org/10.5063/aa/nceas.196.3http://datadryad.org/resource/doi:10.5061/dryad.m7j72http://dx.doi.org/10.1890/14-1453.1https://doi.org/10.1890/02-9002https://doi.org/10.1073/pnas.1206512109https://doi.org/10.1111/zsc.12195https://doi.org/10.5061/dryad.1421https://doi.org/10.1371/journal.pone.0111189https://doi.org/10.5061/dryad.dv1j5https://doi.org/10.6084/m9.figshare.c.3298772https://doi.org/10.1371/journal.pone.0166108https://doi.org/10.1201/b16664https://doi.org/10.1163/193724089X00034https://repository.si.edu/handle/10088/18445https://doi.org/10.1890/15-1275.1https://doi.org/10.1186/1471-2148-13-137 Also http://collections.mnh.si.edu http://www.marinespecies.org http://www.femorale.com http://www.arcodiv.org
23066416	23066417	Vegetation Units		2026-09-30	2026-09-30T17:01:38.479138+00:00	2026-09-30T17:01:38.729107+00:00	10.5281/zenodo.23066417	10.5281/zenodo.23066416	dataset	open		Hammock, Jennifer		2	taxon.tsv; traits.tsv	13433351	https://zenodo.org/records/23066417	https://zenodo.org/records/23066416	https://zenodo.org/api/records/23066417/files-archive	28	22	3	2	Species composition of recognized ecological classes of natural vegetation community. Government sources: http://dx.doi.org/10.13140/RG.2.2.25385.95847https://doi.org/10.1111/avsc.12257http://usnvc.org/explore-classification/
23066259	23066260	Circadian Rhythm		2026-09-30	2026-09-30T16:45:15.466422+00:00	2026-09-30T16:45:15.758636+00:00	10.5281/zenodo.23066260	10.5281/zenodo.23066259	dataset	open		Hammock, Jennifer		2	traits.tsv; taxon.tsv	919012	https://zenodo.org/records/23066260	https://zenodo.org/records/23066259	https://zenodo.org/api/records/23066260/files-archive	28	26	8	8	Literature sources: https://doi.org/10.1111/evo.13284https://doi.org/10.1086/689481https://www.wikidata.org/entity/Q116262527https://doi.org/10.2307/3503472https://doi.org/10.1111/bij.12753https://www.wikidata.org/entity/Q116180473https://doi.org/10.1111/bij.12536https://doi.org/10.1111/j.1365-2311.1985.tb00736.xhttps://www.wikidata.org/wiki/Q116262643https://doi.org/10.1038/s41598-020-65156-0https://doi.org/10.1007/s13127-017-0350-6https://doi.org/10.1186/s13059-015-0711-4https://doi.org/10.1111/j.1365-2311.1965.tb02304.xhttps://doi.org/10.2994/1808-9798(2008)3[58:HTBAAD]2.0.CO;2https://www.wikidata.org/entity/Q116263059https://doi.org/10.1002/ece3.4557https://doi.org/10.1007/s00049-005-0325-5https://www.wikidata.org/entity/Q116262120https://doi.org/10.1126/science.1200043https://doi.org/10.1111/j.1440-6055.2007.00579.xhttps://doi.org/10.1111/j.1095-8312.2004.00399.x
22943466	23027394	Sexual Systems and Characters		2026-09-29	2026-09-29T00:44:26.682041+00:00	2026-09-29T00:44:26.805292+00:00	10.5281/zenodo.23027394	10.5281/zenodo.22943466	dataset	open		Hammock, Jennifer		2	traits.tsv; taxon.txt	1472228	https://zenodo.org/records/23027394	https://zenodo.org/records/22943466	https://zenodo.org/api/records/23027394/files-archive	248	143	41	35	Literature sources: http://purl.org/dc/terms/sourcehttps://doi.org/10.5061/dryad.n48cmhttps://doi.org/10.5061/dryad.0sd41https://doi.org/10.1038/s41598-017-09871-1https://doi.org/10.5061/dryad.s5k0thttps://doi.org/10.5061/dryad.101tbhttps://doi.org/10.5061/dryad.7f4v1https://dx.doi.org/10.14288/1.0378025https://www.biodiversitylibrary.org/bibliography/169237
22777078	23019224	Kubitzki et al, trait records		2026-09-28	2026-09-28T15:26:56.531205+00:00	2026-09-28T15:26:56.989844+00:00	10.5281/zenodo.23019224	10.5281/zenodo.22777078	dataset	open		Hammock, Jennifer		2	taxon.tsv; traits.tsv	5526284	https://zenodo.org/records/23019224	https://zenodo.org/records/22777078	https://zenodo.org/api/records/23019224/files-archive	94	77	61	60	From monograph series: The Families and Genera of Vascular Plants. Kubitzki, Klaus, Editor. Dataset manually transcribed from vols. I and IV, other volumes parsed into taxon descriptions by landmark detection, then reviewed and processed in OpenRefine.
22948922	22949352	Body type		2026-09-25	2026-09-25T01:28:07.651713+00:00	2026-09-25T01:28:07.870977+00:00	10.5281/zenodo.22949352	10.5281/zenodo.22948922	dataset	open		Hammock, Jennifer		2	taxon.txt; traits.tsv	32298	https://zenodo.org/records/22949352	https://zenodo.org/records/22948922	https://zenodo.org/api/records/22949352/files-archive	225	94	18	18	Literature sources: http://dx.doi.org/10.4067/S0717-77122005000100007https://doi.org/10.2134/agronmonogr9.2.c59https://doi.org/10.5479/si.1943-667X.42https://doi.org/10.1111/j.1439-0469.1985.tb00581.xhttps://doi.org/10.1093/sysbio/45.2.223https://doi.org/10.1007/s00435-021-00519-3https://doi.org/10.1016/B978-0-12-385028-7.00007-Xhttps://doi.org/10.1098/rspb.2003.2631https://doi.org/10.1007/s11430-010-4084-yhttps://doi.org/10.1111/j.1558-5646.2009.00908.xhttps://doi.org/10.1073/pnas.94.10.51http://hdl.handle.net/10088/3418https://doi.org/10.1111/pala.12376ISBN:9783110272536https://doi.org/10.1111/j.1439-0469.2008.00478.xhttps://doi.org/10.1016/j.jtbi.2007.01.008https://www.jstor.org/stable/2411987https://doi.org/10.1016/j.tree.2015.03.003ISBN:0643065717https://doi.org/10.1242/dev.141507https://doi.org/10.1111/j.1558-5646.1994.tb05300.xhttps://doi.org/10.1093/icb/40.3.340https://books.google.com/books?id=IURZDwAAQBAJhttps://doi.org/10.1002/dvg.22748https://doi.org/10.1111/j.1469-185X.1984.tb00411.xhttps://doi.org/10.1134/S0031030114120107https://www.researchgate.net/publication/7547741_The_convoluted_evolution_of_snail_chiralityhttps://doi.org/10.1007/s00114-05-0045-2https://doi.org/10.1016/B978-0-12-385026-3.00011-5
22948871	22949331	Life History		2026-09-25	2026-09-25T01:23:39.078450+00:00	2026-09-25T01:23:39.299714+00:00	10.5281/zenodo.22949331	10.5281/zenodo.22948871	dataset	open		Hammock, Jennifer		2	traits.tsv; taxon.txt	518732	https://zenodo.org/records/22949331	https://zenodo.org/records/22948871	https://zenodo.org/api/records/22949331/files-archive	174	72	22	21	Literature sources: https://archive.org/details/studyofincubatio00bergiala
22948711	22949266	Dietary Traits		2026-09-25	2026-09-25T01:17:13.921127+00:00	2026-09-25T01:17:14.135617+00:00	10.5281/zenodo.22949266	10.5281/zenodo.22948711	dataset	open		Hammock, Jennifer		2	traits.tsv; taxon.txt	1702952	https://zenodo.org/records/22949266	https://zenodo.org/records/22948711	https://zenodo.org/api/records/22949266/files-archive	156	65	27	23	Literature sources: https://doi.org/10.1242/jeb.073668https://doi.org/10.1002/ece3.1136
22943003	22949175	PalmTraits		2026-09-25	2026-09-25T01:02:25.407865+00:00	2026-09-25T01:02:25.622661+00:00	10.5281/zenodo.22949175	10.5281/zenodo.22943003	dataset	open		Hammock, Jennifer	isVariantFormOf:doi:10.5061/dryad.ts45225	2	traits.tsv; taxon.txt	8678479	https://zenodo.org/records/22949175	https://zenodo.org/records/22943003	https://zenodo.org/api/records/22949175/files-archive	139	65	24	23	Kissling, W. Daniel; Balslev, Henrik; Baker, William J. et al. (2019). Data from: PalmTraits 1.0, a species-level functional trait database for palms worldwide [Dataset]. Dryad. https://doi.org/10.5061/dryad.ts45225 Subset, selected trait categories, formatted for TraitBank.
22776838	22942929	References		2026-09-24	2026-09-24T16:19:32.268884+00:00	2026-09-24T16:19:32.580065+00:00	10.5281/zenodo.22942929	10.5281/zenodo.22776838	dataset	open		Hammock, Jennifer; Schulz, Katja		1	references_0.92.tsv	8741751	https://zenodo.org/records/22942929	https://zenodo.org/records/22776838	https://zenodo.org/api/records/22942929/files-archive	79	65	25	25	Scientific works cited by trait records
22777311	22942664	Brusca and Brusca, trait records and taxonomic metadata		2026-09-24	2026-09-24T16:03:45.319452+00:00	2026-09-24T16:03:45.491645+00:00	10.5281/zenodo.22942664	10.5281/zenodo.22777311	dataset	open		Hammock, Jennifer		2	traits.tsv; taxon.tsv	104501	https://zenodo.org/records/22942664	https://zenodo.org/records/22777311	https://zenodo.org/api/records/22942664/files-archive	92	72	52	51	From: Brusca, R.C. and Brusca, G.J., 2003. Invertebrates. 2nd. Sunderland, Mass.: Sinauer Associates, 936 pp. Trait data manually transcribed.
22923616	22942201	Fungal ecology, trait records and taxonomic metadata		2026-09-24	2026-09-24T15:30:23.651388+00:00	2026-09-24T15:30:23.921900+00:00	10.5281/zenodo.22942201	10.5281/zenodo.22923616	dataset	open	cc-zero	Schulz, Katja		2	traits.tsv; taxon.tsv	4722066	https://zenodo.org/records/22942201	https://zenodo.org/records/22923616	https://zenodo.org/api/records/22942201/files-archive	73	58	16	16	Fungal ecology traits extracted from literature.
22776209	22924991	TraitBank Reference Hierarchy Version 0.9		2026-09-23	2026-09-23T20:42:02.847942+00:00	2026-09-23T20:42:03.039385+00:00	10.5281/zenodo.22924991	10.5281/zenodo.22776209	dataset	open	cc-zero	Schulz, Katja		1	tbHierarchyV091.tsv	1192135082	https://zenodo.org/records/22924991	https://zenodo.org/records/22776209	https://zenodo.org/api/records/22924991/files-archive	138	101	51	48	Names and taxonomic relationships to support the new TraitBank information architecture.
22776577	22776578	Terms		2026-09-15	2026-09-15T20:23:13.371857+00:00	2026-09-15T20:23:14.314196+00:00	10.5281/zenodo.22776578	10.5281/zenodo.22776577	dataset	open		Hammock, Jennifer; Schulz, Katja		1	terms_0.9.tsv	2010630	https://zenodo.org/records/22776578	https://zenodo.org/records/22776577	https://zenodo.org/api/records/22776578/files-archive	18	16	36	35	Data vocabulary for trait records.
