<eml:eml xmlns:eml="eml://ecoinformatics.org/eml-2.1.1" 
    xmlns:md="eml://ecoinformatics.org/methods-2.1.1" 
    xmlns:proj="eml://ecoinformatics.org/project-2.1.1" 
    xmlns:d="eml://ecoinformatics.org/dataset-2.1.1" 
    xmlns:res="eml://ecoinformatics.org/resource-2.1.1" 
    xmlns:dc="http://purl.org/dc/terms/" 
    xmlns:xsi="http://www.w3.org/2001/XMLSchema-instance"
    xsi:schemaLocation="eml://ecoinformatics.org/eml-2.1.1 http://rs.gbif.org/schema/eml-gbif-profile/1.0/eml.xsd"
    packageId="http://vultur:8090/ipt/resource.do?id=inbio-eol/v6" system="http://gbif.org" scope="system" xml:lang="eng">

    <dataset>
      <title xml:lang="eng">INBio Species resource</title>
      <creator>
    <individualName>
      <givenName>Alvaro</givenName>
      <surName>Herrera</surName>
    </individualName>
    <organizationName>INBio</organizationName>
    <address>
      <country>CR</country>
    </address>
    <electronicMailAddress>alherrer@inbio.ac.cr</electronicMailAddress>
    <onlineUrl>http://inbio.ac.cr</onlineUrl>
      </creator>
      <metadataProvider>
    <individualName>
      <givenName>Aurelio</givenName>
      <surName>Sanabria</surName>
    </individualName>
    <organizationName>INBio</organizationName>
    <positionName>Software developer</positionName>
    <address>
      <country>CR</country>
    </address>
    <electronicMailAddress>asanabria@inbio.ac.cr</electronicMailAddress>
    <onlineUrl>http://inbio.ac.cr</onlineUrl>
      </metadataProvider>
	  <pubDate>
      	2011-08-08
      </pubDate>
      <language>eng</language>
      <abstract>
        <para>Contains the &apos;Basic Information Units&apos; developed by INBio in collaboration with many scientist of different fields and maintained by Alvaro Herrera</para>
      </abstract>
      <contact>
    <individualName>
      <givenName>Aurelio</givenName>
      <surName>Sanabria</surName>
    </individualName>
    <organizationName>INBio</organizationName>
    <positionName>Software developer</positionName>
    <address>
      <country>CR</country>
    </address>
    <electronicMailAddress>asanabria@inbio.ac.cr</electronicMailAddress>
    <onlineUrl>http://inbio.ac.cr</onlineUrl>
      </contact>
    </dataset>
    <additionalMetadata>
     <metadata>
      <gbif>
        <dateStamp>2011-08-08T05:04:14.533-06:00</dateStamp>
        <hierarchyLevel>dataset</hierarchyLevel>
        <dc:replaces>http://vultur:8090/ipt/resource.do?id=inbio-eol/v5.xml</dc:replaces>
      </gbif>
     </metadata>
    </additionalMetadata>
</eml:eml>
